date,week_ending,noaa_file_date,us_hdd_weekly,hdd_deviation_from_normal,hdd_deviation_from_last_year,new_england_hdd_weekly,middle_atlantic_hdd_weekly,east_n_central_hdd_weekly,west_n_central_hdd_weekly,east_hdd_weekly,midwest_hdd_weekly,east_hdd_deviation_from_normal,midwest_hdd_deviation_from_normal,noaa_section_used,week_of_year,us_hdd_weekly_normal_10y,us_hdd_weekly_anomaly_10y,us_hdd_weekly_normal_30y,us_hdd_weekly_anomaly_30y,us_hdd_normal,us_hdd_anomaly,east_hdd_weekly_normal_10y,east_hdd_weekly_anomaly_10y,east_hdd_weekly_normal_30y,east_hdd_weekly_anomaly_30y,east_hdd_normal,east_hdd_anomaly,midwest_hdd_weekly_normal_10y,midwest_hdd_weekly_anomaly_10y,midwest_hdd_weekly_normal_30y,midwest_hdd_weekly_anomaly_30y,midwest_hdd_normal,midwest_hdd_anomaly,hdd_normal,hdd_anomaly,extreme_hdd_week
2016-04-29,20160429,20160429,67.0,1.0,-15.0,113.0,88.0,85.0,77.0,100.5,81.0,5.5,-2.5,UTILITY GAS CUSTOMER HEATING WEIGHTED,17,,,,,,,,,,,,,,,,,,,,,False
2016-05-06,20160506,20160506,63.0,9.0,35.0,120.0,101.0,87.0,71.0,110.5,79.0,35.5,10.5,UTILITY GAS CUSTOMER HEATING WEIGHTED,18,,,,,,,,,,,,,,,,,,,,,False
2016-05-13,20160513,20160513,39.0,-3.0,1.0,71.0,63.0,48.0,44.0,67.0,46.0,3.0,-4.5,UTILITY GAS CUSTOMER HEATING WEIGHTED,19,,,,,,,,,,,,,,,,,,,,,False
2016-05-20,20160520,20160520,58.0,22.0,20.0,63.0,73.0,93.0,87.0,68.0,90.0,11.0,47.0,UTILITY GAS CUSTOMER HEATING WEIGHTED,20,,,,,,,,,,,,,,,,,,,,,False
2016-05-27,20160527,20160527,22.0,-6.0,2.0,22.0,21.0,10.0,8.0,21.5,9.0,-17.0,-24.5,UTILITY GAS CUSTOMER HEATING WEIGHTED,21,,,,,,,,,,,,,,,,,,,,,False
2016-06-03,20160603,20160603,6.0,-13.0,-14.0,6.0,0.0,0.0,8.0,3.0,4.0,-22.5,-17.5,UTILITY GAS CUSTOMER HEATING WEIGHTED,22,,,,,,,,,,,,,,,,,,,,,False
2016-06-10,20160610,20160610,6.0,-8.0,3.0,13.0,13.0,11.0,7.0,13.0,9.0,-6.5,-6.5,UTILITY GAS CUSTOMER HEATING WEIGHTED,23,,,,,,,,,,,,,,,,,,,,,False
2016-06-17,20160617,20160617,8.0,1.0,8.0,13.0,7.0,2.0,3.0,10.0,2.5,-0.5,-4.5,UTILITY GAS CUSTOMER HEATING WEIGHTED,24,,,,,,,,,,,,,,,,,,,,,False
2016-06-24,20160624,20160624,0.0,-5.0,0.0,1.0,0.0,0.0,0.0,0.5,0.0,-6.0,-5.0,UTILITY GAS CUSTOMER HEATING WEIGHTED,25,,,,,,,,,,,,,,,,,,,,,False
2016-07-01,20160701,20160701,0.0,0.0,-3.0,0.0,0.0,1.0,4.0,0.0,2.5,-3.5,-0.5,UTILITY GAS CUSTOMER HEATING WEIGHTED,26,,,,,,,,,,,,,,,,,,,,,False
2016-07-08,20160708,20160708,0.0,0.0,-1.0,0.0,0.0,2.0,2.0,0.0,2.0,-1.5,1.5,UTILITY GAS CUSTOMER HEATING WEIGHTED,27,,,,,,,,,,,,,,,,,,,,,False
2016-07-15,20160715,20160715,0.0,0.0,0.0,3.0,0.0,0.0,0.0,1.5,0.0,1.5,0.0,UTILITY GAS CUSTOMER HEATING WEIGHTED,28,,,,,,,,,,,,,,,,,,,,,False
2016-07-22,20160722,20160722,0.0,0.0,0.0,0.0,0.0,0.0,0.0,0.0,0.0,0.0,0.0,UTILITY GAS CUSTOMER HEATING WEIGHTED,29,,,,,,,,,,,,,,,,,,,,,False
2016-07-29,20160729,20160729,0.0,0.0,0.0,0.0,0.0,0.0,0.0,0.0,0.0,0.0,0.0,UTILITY GAS CUSTOMER HEATING WEIGHTED,30,,,,,,,,,,,,,,,,,,,,,False
2016-08-05,20160805,20160805,0.0,0.0,0.0,0.0,0.0,0.0,0.0,0.0,0.0,0.0,0.0,UTILITY GAS CUSTOMER HEATING WEIGHTED,31,,,,,,,,,,,,,,,,,,,,,False
2016-08-12,20160812,20160812,0.0,0.0,0.0,0.0,0.0,0.0,0.0,0.0,0.0,0.0,-2.5,UTILITY GAS CUSTOMER HEATING WEIGHTED,32,,,,,,,,,,,,,,,,,,,,,False
2016-08-19,20160819,20160819,0.0,0.0,-1.0,0.0,0.0,0.0,0.0,0.0,0.0,0.0,-2.0,UTILITY GAS CUSTOMER HEATING WEIGHTED,33,,,,,,,,,,,,,,,,,,,,,False
2016-08-26,20160826,20160826,0.0,0.0,-4.0,0.0,0.0,0.0,4.0,0.0,2.0,-5.0,0.0,UTILITY GAS CUSTOMER HEATING WEIGHTED,34,,,,,,,,,,,,,,,,,,,,,False
2016-09-02,20160902,20160902,0.0,-6.0,-1.0,0.0,0.0,0.0,3.0,0.0,1.5,-6.5,-5.0,UTILITY GAS CUSTOMER HEATING WEIGHTED,35,,,,,,,,,,,,,,,,,,,,,False
2016-09-09,20160909,20160909,0.0,-7.0,-3.0,0.0,0.0,0.0,1.0,0.0,0.5,-12.0,-10.0,UTILITY GAS CUSTOMER HEATING WEIGHTED,36,,,,,,,,,,,,,,,,,,,,,False
2016-09-16,20160916,20160916,5.0,-8.0,-7.0,1.0,2.0,0.0,13.0,1.5,6.5,-16.5,-14.5,UTILITY GAS CUSTOMER HEATING WEIGHTED,37,,,,,,,,,,,,,,,,,,,,,False
2016-09-23,20160923,20160923,4.0,-19.0,-6.0,0.0,0.0,0.0,9.0,0.0,4.5,-31.5,-29.5,UTILITY GAS CUSTOMER HEATING WEIGHTED,38,,,,,,,,,,,,,,,,,,,,,False
2016-09-30,20160930,20160930,15.0,-18.0,0.0,22.0,23.0,18.0,29.0,22.5,23.5,-22.5,-27.5,UTILITY GAS CUSTOMER HEATING WEIGHTED,39,,,,,,,,,,,,,,,,,,,,,False
2016-10-07,20161007,20161007,17.0,-29.0,-25.0,18.0,16.0,9.0,33.0,17.0,21.0,-49.0,-46.0,UTILITY GAS CUSTOMER HEATING WEIGHTED,40,,,,,,,,,,,,,,,,,,,,,False
2016-10-14,20161014,20161014,36.0,-24.0,-1.0,38.0,51.0,48.0,71.0,44.5,59.5,-35.5,-24.0,UTILITY GAS CUSTOMER HEATING WEIGHTED,41,,,,,,,,,,,,,,,,,,,,,False
2016-10-21,20161021,20161021,30.0,-41.0,-38.0,29.0,22.0,37.0,58.0,25.5,47.5,-73.0,-54.5,UTILITY GAS CUSTOMER HEATING WEIGHTED,42,,,,,,,,,,,,,,,,,,,,,False
2016-10-28,20161028,20161028,76.0,-9.0,8.0,129.0,130.0,116.0,79.0,129.5,97.5,18.5,-18.5,UTILITY GAS CUSTOMER HEATING WEIGHTED,43,,,,,,,,,,,,,,,,,,,,,False
2016-11-04,20161104,20161104,55.0,-43.0,-12.0,111.0,94.0,62.0,62.0,102.5,62.0,-22.5,-71.0,UTILITY GAS CUSTOMER HEATING WEIGHTED,44,,,,,,,,,,,,,,,,,,,,,False
2016-11-11,20161111,20161111,83.0,-37.0,-16.0,145.0,130.0,105.0,100.0,137.5,102.5,-5.0,-61.0,UTILITY GAS CUSTOMER HEATING WEIGHTED,45,,,,,,,,,,,,,,,,,,,,,False
2016-11-18,20161118,20161118,97.0,-38.0,-12.0,132.0,137.0,124.0,119.0,134.5,121.5,-27.5,-59.5,UTILITY GAS CUSTOMER HEATING WEIGHTED,46,,,,,,,,,,,,,,,,,,,,,False
2016-11-25,20161125,20161125,152.0,2.0,0.0,185.0,180.0,206.0,204.0,182.5,205.0,6.0,8.0,UTILITY GAS CUSTOMER HEATING WEIGHTED,47,,,,,,,,,,,,,,,,,,,,,False
2016-12-02,20161202,20161202,143.0,-20.0,-15.0,158.0,152.0,168.0,187.0,155.0,177.5,-25.5,-40.0,UTILITY GAS CUSTOMER HEATING WEIGHTED,48,,,,,,,,,,,,,,,,,,,,,False
2016-12-09,20161209,20161209,190.0,1.0,49.0,209.0,197.0,239.0,265.0,203.0,252.0,-14.0,1.5,UTILITY GAS CUSTOMER HEATING WEIGHTED,49,,,,,,,,,,,,,,,,,,,,,False
2016-12-16,20161216,20161216,222.0,24.0,102.0,269.0,262.0,319.0,343.0,265.5,331.0,37.0,69.5,UTILITY GAS CUSTOMER HEATING WEIGHTED,50,,,,,,,,,,,,,,,,,,,,,False
2016-12-23,20161223,20161223,223.0,9.0,72.0,250.0,245.0,299.0,317.0,247.5,308.0,5.5,21.5,UTILITY GAS CUSTOMER HEATING WEIGHTED,51,,,,,,,,,,,,,,,,,,,,,False
2016-12-30,20161230,20161230,165.0,-51.0,-4.0,202.0,193.0,207.0,223.0,197.5,215.0,-48.0,-69.5,UTILITY GAS CUSTOMER HEATING WEIGHTED,52,,,,,,,,,,,,,,,,,,,,,False
2017-01-06,20170106,20170106,213.0,1.0,-4.0,226.0,221.0,275.0,324.0,223.5,299.5,-25.0,16.5,UTILITY GAS CUSTOMER HEATING WEIGHTED,1,,,,,,,,,,,,,,,,,,,,,False
2017-01-13,20170113,20170113,220.0,1.0,4.0,255.0,251.0,284.0,329.0,253.0,306.5,-11.5,14.0,UTILITY GAS CUSTOMER HEATING WEIGHTED,2,,,,,,,,,,,,,,,,,,,,,False
2017-01-20,20170120,20170120,175.0,-52.0,-59.0,239.0,222.0,216.0,241.0,230.5,228.5,-45.5,-77.0,UTILITY GAS CUSTOMER HEATING WEIGHTED,3,,,,,,,,,,,,,,,,,,,,,False
2017-01-27,20170127,20170127,161.0,-61.0,-48.0,178.0,167.0,180.0,219.0,172.5,199.5,-103.5,-94.5,UTILITY GAS CUSTOMER HEATING WEIGHTED,4,,,,,,,,,,,,,,,,,,,,,False
2017-02-03,20170203,20170203,197.0,-17.0,32.0,250.0,242.0,269.0,256.0,246.0,262.5,-13.0,-25.5,UTILITY GAS CUSTOMER HEATING WEIGHTED,5,,,,,,,,,,,,,,,,,,,,,False
2017-02-10,20170210,20170210,174.0,-43.0,-26.0,249.0,227.0,247.0,261.0,238.0,254.0,-28.5,-36.5,UTILITY GAS CUSTOMER HEATING WEIGHTED,6,,,,,,,,,,,,,,,,,,,,,False
2017-02-17,20170217,20170217,155.0,-49.0,-52.0,262.0,228.0,194.0,175.0,245.0,184.5,-13.5,-90.0,UTILITY GAS CUSTOMER HEATING WEIGHTED,7,,,,,,,,,,,,,,,,,,,,,False
2017-02-24,20170224,20170224,104.0,-73.0,-33.0,163.0,131.0,99.0,127.0,147.0,113.0,-79.0,-125.0,UTILITY GAS CUSTOMER HEATING WEIGHTED,8,,,,,,,,,,,,,,,,,,,,,False
2017-03-03,20170303,20170303,155.0,-25.0,7.0,154.0,153.0,201.0,227.0,153.5,214.0,-82.0,-26.5,UTILITY GAS CUSTOMER HEATING WEIGHTED,9,,,,,,,,,,,,,,,,,,,,,False
2017-03-10,20170310,20170310,139.0,-27.0,25.0,233.0,203.0,172.0,168.0,218.0,170.0,-3.0,-53.5,UTILITY GAS CUSTOMER HEATING WEIGHTED,10,,,,,,,,,,,,,,,,,,,,,False
2017-03-17,20170317,20170317,187.0,37.0,101.0,293.0,286.0,276.0,256.0,289.5,266.0,89.5,68.0,UTILITY GAS CUSTOMER HEATING WEIGHTED,11,,,,,,,,,,,,,,,,,,,,,False
2017-03-24,20170324,20170324,124.0,-16.0,-1.0,223.0,206.0,173.0,132.0,214.5,152.5,18.5,-32.0,UTILITY GAS CUSTOMER HEATING WEIGHTED,12,,,,,,,,,,,,,,,,,,,,,False
2017-03-31,20170331,20170331,97.0,-20.0,-9.0,189.0,146.0,121.0,134.0,167.5,127.5,14.0,-24.0,UTILITY GAS CUSTOMER HEATING WEIGHTED,13,,,,,,,,,,,,,,,,,,,,,False
2017-04-07,20170407,20170407,94.0,-13.0,-16.0,160.0,125.0,127.0,121.0,142.5,124.0,-1.0,-16.5,UTILITY GAS CUSTOMER HEATING WEIGHTED,14,,,,,,,,,,,,,,,,,,,,,False
2017-04-14,20170414,20170414,66.0,-33.0,-47.0,93.0,81.0,77.0,73.0,87.0,75.0,-51.5,-54.5,UTILITY GAS CUSTOMER HEATING WEIGHTED,15,,,,,,,,,,,,,,,,,,,,,False
2017-04-21,20170421,20170421,46.0,-31.0,-2.0,89.0,63.0,45.0,64.0,76.0,54.5,-33.0,-42.0,UTILITY GAS CUSTOMER HEATING WEIGHTED,16,,,,,,,,,,,,,,,,,,,,,False
2017-04-28,20170428,20170428,60.0,-8.0,-1.0,80.0,67.0,67.0,113.0,73.5,90.0,-22.5,4.0,UTILITY GAS CUSTOMER HEATING WEIGHTED,17,,,,,,,,,,,,,,,,,,,,,False
2017-05-05,20170505,20170505,58.0,2.0,-10.0,72.0,51.0,103.0,108.0,61.5,105.5,-17.5,33.5,UTILITY GAS CUSTOMER HEATING WEIGHTED,18,,,,,,,,,,,,,,,,,,,,,False
2017-05-12,20170512,20170512,61.0,18.0,19.0,101.0,100.0,89.0,36.0,100.5,62.5,36.0,11.5,UTILITY GAS CUSTOMER HEATING WEIGHTED,19,,,,,,,,,,,,,,,,,,,,,False
2017-05-19,20170519,20170519,33.0,-4.0,-23.0,48.0,37.0,26.0,27.0,42.5,26.5,-16.0,-18.5,UTILITY GAS CUSTOMER HEATING WEIGHTED,20,,,,,,,,,,,,,,,,,,,,,False
2017-05-26,20170526,20170526,31.0,2.0,4.0,61.0,41.0,38.0,62.0,51.0,50.0,10.0,15.5,UTILITY GAS CUSTOMER HEATING WEIGHTED,21,,,,,,,,,,,,,,,,,,,,,False
2017-06-02,20170602,20170602,12.0,-8.0,5.0,45.0,26.0,11.0,18.0,35.5,14.5,8.5,-8.5,UTILITY GAS CUSTOMER HEATING WEIGHTED,22,,,,,,,,,,,,,,,,,,,,,False
2017-06-09,20170609,20170609,12.0,-4.0,7.0,51.0,34.0,6.0,0.0,42.5,3.0,21.0,-14.0,UTILITY GAS CUSTOMER HEATING WEIGHTED,23,,,,,,,,,,,,,,,,,,,,,False
2017-06-16,20170616,20170616,8.0,1.0,0.0,5.0,1.0,0.0,0.0,3.0,0.0,-8.0,-7.5,UTILITY GAS CUSTOMER HEATING WEIGHTED,24,,,,,,,,,,,,,,,,,,,,,False
2017-06-23,20170623,20170623,0.0,-6.0,-1.0,0.0,0.0,0.0,6.0,0.0,3.0,-7.0,-3.0,UTILITY GAS CUSTOMER HEATING WEIGHTED,25,,,,,,,,,,,,,,,,,,,,,False
2017-06-30,20170630,20170630,5.0,5.0,5.0,3.0,4.0,9.0,14.0,3.5,11.5,0.0,9.5,UTILITY GAS CUSTOMER HEATING WEIGHTED,26,,,,,,,,,,,,,,,,,,,,,False
2017-07-07,20170707,20170707,0.0,0.0,0.0,0.0,0.0,0.0,0.0,0.0,0.0,-2.0,-1.5,UTILITY GAS CUSTOMER HEATING WEIGHTED,27,,,,,,,,,,,,,,,,,,,,,False
2017-07-14,20170714,20170714,0.0,0.0,0.0,3.0,0.0,0.0,1.0,1.5,0.5,1.5,0.5,UTILITY GAS CUSTOMER HEATING WEIGHTED,28,,,,,,,,,,,,,,,,,,,,,False
2017-07-21,20170721,20170721,0.0,0.0,0.0,0.0,0.0,0.0,0.0,0.0,0.0,0.0,0.0,UTILITY GAS CUSTOMER HEATING WEIGHTED,29,,,,,,,,,,,,,,,,,,,,,False
2017-07-28,20170728,20170728,0.0,0.0,0.0,6.0,1.0,0.0,0.0,3.5,0.0,3.5,0.0,UTILITY GAS CUSTOMER HEATING WEIGHTED,30,,,,,,,,,,,,,,,,,,,,,False
2017-08-04,20170804,20170804,0.0,0.0,0.0,0.0,0.0,2.0,3.0,0.0,2.5,0.0,2.5,UTILITY GAS CUSTOMER HEATING WEIGHTED,31,,,,,,,,,,,,,,,,,,,,,False
2017-08-11,20170811,20170811,0.0,0.0,0.0,1.0,2.0,0.0,2.0,1.5,1.0,1.5,-1.0,UTILITY GAS CUSTOMER HEATING WEIGHTED,32,,,,,,,,,,,,,,,,,,,,,False
2017-08-18,20170818,20170818,0.0,0.0,0.0,0.0,0.0,0.0,1.0,0.0,0.5,0.0,-1.5,UTILITY GAS CUSTOMER HEATING WEIGHTED,33,,,,,,,,,,,,,,,,,,,,,False
2017-08-25,20170825,20170825,2.0,2.0,2.0,0.0,2.0,7.0,6.0,1.0,6.5,-3.5,4.0,UTILITY GAS CUSTOMER HEATING WEIGHTED,34,,,,,,,,,,,,,,,,,,,,,False
2017-09-01,20170901,20170901,8.0,3.0,8.0,25.0,19.0,11.0,4.0,22.0,7.5,16.5,2.0,UTILITY GAS CUSTOMER HEATING WEIGHTED,35,,,,,,,,,,,,,,,,,,,,,False
2017-09-08,20170908,20170908,14.0,7.0,14.0,22.0,24.0,32.0,22.0,23.0,27.0,11.0,17.5,UTILITY GAS CUSTOMER HEATING WEIGHTED,36,,,,,,,,,,,,,,,,,,,,,False
2017-09-15,20170915,20170915,12.0,1.0,8.0,15.0,22.0,23.0,3.0,18.5,13.0,3.5,-5.5,UTILITY GAS CUSTOMER HEATING WEIGHTED,37,,,,,,,,,,,,,,,,,,,,,False
2017-09-22,20170922,20170921,8.0,-12.0,4.0,0.0,0.0,1.0,14.0,0.0,7.5,-29.5,-22.5,UTILITY GAS CUSTOMER HEATING WEIGHTED,38,,,,,,,,,,,,,,,,,,,,,False
2017-09-29,20170929,20170929,15.0,-17.0,2.0,10.0,10.0,12.0,27.0,10.0,19.5,-31.0,-31.0,UTILITY GAS CUSTOMER HEATING WEIGHTED,39,,,,,,,,,,,,,,,,,,,,,False
2017-10-06,20171006,20171006,31.0,-12.0,14.0,55.0,47.0,28.0,34.0,51.0,31.0,-12.5,-32.5,UTILITY GAS CUSTOMER HEATING WEIGHTED,40,,,,,,,,,,,,,,,,,,,,,False
2017-10-13,20171013,20171013,30.0,-29.0,-3.0,28.0,18.0,24.0,69.0,23.0,46.5,-56.0,-35.5,UTILITY GAS CUSTOMER HEATING WEIGHTED,41,,,,,,,,,,,,,,,,,,,,,False
2017-10-20,20171020,20171020,45.0,-24.0,17.0,60.0,57.0,53.0,64.0,58.5,58.5,-36.5,-40.0,UTILITY GAS CUSTOMER HEATING WEIGHTED,42,,,,,,,,,,,,,,,,,,,,,False
2017-10-27,20171027,20171027,61.0,-22.0,-14.0,42.0,59.0,91.0,100.0,50.5,95.5,-60.5,-19.5,UTILITY GAS CUSTOMER HEATING WEIGHTED,43,,,,,,,,,,,,,,,,,,,,,False
2017-11-03,20171103,20171103,105.0,10.0,50.0,80.0,91.0,161.0,193.0,85.5,177.0,-36.5,49.0,UTILITY GAS CUSTOMER HEATING WEIGHTED,44,,,,,,,,,,,,,,,,,,,,,False
2017-11-10,20171110,20171110,122.0,5.0,43.0,138.0,141.0,172.0,213.0,139.5,192.5,0.0,32.5,UTILITY GAS CUSTOMER HEATING WEIGHTED,45,,,,,,,,,,,,,,,,,,,,,False
2017-11-17,20171117,20171117,140.0,6.0,42.0,206.0,198.0,196.0,179.0,202.0,187.5,44.0,7.5,UTILITY GAS CUSTOMER HEATING WEIGHTED,46,,,,,,,,,,,,,,,,,,,,,False
2017-11-24,20171124,20171124,138.0,-9.0,-7.0,172.0,177.0,191.0,189.0,174.5,190.0,-0.5,-3.0,UTILITY GAS CUSTOMER HEATING WEIGHTED,47,,,,,,,,,,,,,,,,,,,,,False
2017-12-01,20171201,20171201,124.0,-37.0,-14.0,174.0,167.0,162.0,155.0,170.5,158.5,-9.0,-57.0,UTILITY GAS CUSTOMER HEATING WEIGHTED,48,,,,,,,,,,,,,,,,,,,,,False
2017-12-08,20171208,20171208,161.0,-25.0,-20.0,189.0,187.0,203.0,220.0,188.0,211.5,-23.0,-35.0,UTILITY GAS CUSTOMER HEATING WEIGHTED,49,,,,,,,,,,,,,,,,,,,,,False
2017-12-15,20171215,20171215,202.0,5.0,-17.0,258.0,261.0,281.0,241.0,259.5,261.0,29.0,1.0,UTILITY GAS CUSTOMER HEATING WEIGHTED,50,,,,,,,,,,,,,,,,,,,,,False
2017-12-22,20171222,20171222,173.0,-39.0,-60.0,252.0,220.0,207.0,222.0,236.0,214.5,-5.0,-69.0,UTILITY GAS CUSTOMER HEATING WEIGHTED,51,,,,,,,,,,,,,,,,,,,,,False
2017-12-29,20171229,20171229,249.0,32.0,85.0,306.0,286.0,355.0,384.0,296.0,369.5,52.5,83.5,UTILITY GAS CUSTOMER HEATING WEIGHTED,52,,,,,,,,,,,,,,,,,,,,,False
2018-01-05,20180105,20180105,296.0,85.0,98.0,377.0,369.0,418.0,437.0,373.0,427.5,125.5,146.0,UTILITY GAS CUSTOMER HEATING WEIGHTED,1,,,,,,,,,,,,,,,,,,,,,False
2018-01-12,20180112,20180112,202.0,-18.0,-33.0,283.0,273.0,259.0,288.0,278.0,273.5,14.0,-19.5,UTILITY GAS CUSTOMER HEATING WEIGHTED,2,,,,,,,,,,,,,,,,,,,,,False
2018-01-19,20180119,20180119,248.0,24.0,67.0,269.0,293.0,349.0,354.0,281.0,351.5,8.0,50.0,UTILITY GAS CUSTOMER HEATING WEIGHTED,3,,,,,,,,,,,,,,,,,,,,,False
2018-01-26,20180126,20180126,172.0,-51.0,19.0,223.0,206.0,201.0,213.0,214.5,207.0,-61.0,-89.5,UTILITY GAS CUSTOMER HEATING WEIGHTED,4,,,,,,,,,,,,,,,,,,,,,False
2018-02-02,20180202,20180202,184.0,-32.0,-10.0,232.0,233.0,253.0,291.0,232.5,272.0,-31.5,-16.5,UTILITY GAS CUSTOMER HEATING WEIGHTED,5,,,,,,,,,,,,,,,,,,,,,False
2018-02-09,20180209,20180209,215.0,-2.0,36.0,268.0,274.0,327.0,358.0,271.0,342.5,6.5,50.5,UTILITY GAS CUSTOMER HEATING WEIGHTED,6,,,,,,,,,,,,,,,,,,,,,False
2018-02-16,20180216,20180216,173.0,-33.0,12.0,187.0,178.0,252.0,296.0,182.5,274.0,-78.0,-3.0,UTILITY GAS CUSTOMER HEATING WEIGHTED,7,,,,,,,,,,,,,,,,,,,,,False
2018-02-23,20180223,20180223,159.0,-20.0,50.0,183.0,169.0,197.0,256.0,176.0,226.5,-52.5,-14.0,UTILITY GAS CUSTOMER HEATING WEIGHTED,8,,,,,,,,,,,,,,,,,,,,,False
2018-03-02,20180302,20180302,146.0,-35.0,2.0,176.0,164.0,159.0,211.0,170.0,185.0,-66.5,-55.5,UTILITY GAS CUSTOMER HEATING WEIGHTED,9,,,,,,,,,,,,,,,,,,,,,False
2018-03-09,20180309,20180309,161.0,-7.0,17.0,196.0,206.0,200.0,203.0,201.0,201.5,-20.5,-25.0,UTILITY GAS CUSTOMER HEATING WEIGHTED,10,,,,,,,,,,,,,,,,,,,,,False
2018-03-16,20180316,20180316,158.0,6.0,-30.0,203.0,212.0,202.0,197.0,207.5,199.5,4.0,-3.5,UTILITY GAS CUSTOMER HEATING WEIGHTED,11,,,,,,,,,,,,,,,,,,,,,False
2018-03-23,20180323,20180323,154.0,12.0,24.0,213.0,211.0,187.0,187.0,212.0,187.0,15.5,-1.0,UTILITY GAS CUSTOMER HEATING WEIGHTED,12,,,,,,,,,,,,,,,,,,,,,False
2018-03-30,20180330,20180330,136.0,16.0,40.0,182.0,182.0,168.0,181.0,182.0,174.5,22.5,20.0,UTILITY GAS CUSTOMER HEATING WEIGHTED,13,,,,,,,,,,,,,,,,,,,,,False
2018-04-06,20180406,20180406,140.0,32.0,46.0,185.0,180.0,193.0,224.0,182.5,208.5,38.0,67.0,UTILITY GAS CUSTOMER HEATING WEIGHTED,14,,,,,,,,,,,,,,,,,,,,,False
2018-04-13,20180413,20180413,131.0,30.0,58.0,184.0,179.0,173.0,180.0,181.5,176.5,42.0,43.0,UTILITY GAS CUSTOMER HEATING WEIGHTED,15,,,,,,,,,,,,,,,,,,,,,False
2018-04-20,20180420,20180420,123.0,43.0,77.0,167.0,152.0,176.0,189.0,159.5,182.5,45.0,84.0,UTILITY GAS CUSTOMER HEATING WEIGHTED,16,,,,,,,,,,,,,,,,,,,,,False
2018-04-27,20180427,20180427,75.0,6.0,14.0,116.0,106.0,108.0,111.0,111.0,109.5,14.0,22.5,UTILITY GAS CUSTOMER HEATING WEIGHTED,17,,,,,,,,,,,,,,,,,,,,,False
2018-05-04,20180504,20180504,53.0,-5.0,-5.0,68.0,60.0,66.0,62.0,64.0,64.0,-17.0,-12.0,UTILITY GAS CUSTOMER HEATING WEIGHTED,18,,,,,,,,,,,,,,,,,,,,,False
2018-05-11,20180511,20180511,30.0,-14.0,-32.0,68.0,49.0,46.0,41.0,58.5,43.5,-8.0,-8.5,UTILITY GAS CUSTOMER HEATING WEIGHTED,19,,,,,,,,,,,,,,,,,,,,,False
2018-05-18,20180518,20180518,35.0,-3.0,0.0,78.0,52.0,43.0,34.0,65.0,38.5,6.5,-8.5,UTILITY GAS CUSTOMER HEATING WEIGHTED,20,,,,,,,,,,,,,,,,,,,,,False
2018-05-25,20180525,20180525,19.0,-11.0,-14.0,31.0,20.0,21.0,17.0,25.5,19.0,-19.0,-16.0,UTILITY GAS CUSTOMER HEATING WEIGHTED,21,,,,,,,,,,,,,,,,,,,,,False
2018-06-01,20180601,20180601,7.0,-15.0,-7.0,14.0,3.0,0.0,1.0,8.5,0.5,-20.5,-25.0,UTILITY GAS CUSTOMER HEATING WEIGHTED,22,,,,,,,,,,,,,,,,,,,,,False
2018-06-08,20180608,20180608,10.0,-6.0,-2.0,41.0,21.0,9.0,6.0,31.0,7.5,9.0,-10.0,UTILITY GAS CUSTOMER HEATING WEIGHTED,23,,,,,,,,,,,,,,,,,,,,,False
2018-06-15,20180615,20180615,5.0,-3.0,-3.0,14.0,10.0,1.0,0.0,12.0,0.5,0.0,-8.0,UTILITY GAS CUSTOMER HEATING WEIGHTED,24,,,,,,,,,,,,,,,,,,,,,False
2018-06-22,20180622,20180622,2.0,-5.0,1.0,1.0,0.0,0.0,0.0,0.5,0.0,-7.0,-6.5,UTILITY GAS CUSTOMER HEATING WEIGHTED,25,,,,,,,,,,,,,,,,,,,,,False
2018-06-29,20180629,20180629,1.0,1.0,-4.0,9.0,4.0,0.0,0.0,6.5,0.0,2.5,-2.0,UTILITY GAS CUSTOMER HEATING WEIGHTED,26,,,,,,,,,,,,,,,,,,,,,False
2018-07-06,20180706,20180706,0.0,0.0,0.0,0.0,0.0,0.0,0.0,0.0,0.0,-2.5,-2.0,UTILITY GAS CUSTOMER HEATING WEIGHTED,27,,,,,,,,,,,,,,,,,,,,,False
2018-07-13,20180713,20180713,0.0,0.0,0.0,0.0,0.0,0.0,0.0,0.0,0.0,0.0,0.0,UTILITY GAS CUSTOMER HEATING WEIGHTED,28,,,,,,,,,,,,,,,,,,,,,False
2018-07-20,20180720,20180720,0.0,0.0,0.0,0.0,0.0,0.0,0.0,0.0,0.0,0.0,0.0,UTILITY GAS CUSTOMER HEATING WEIGHTED,29,,,,,,,,,,,,,,,,,,,,,False
2018-07-27,20180727,20180727,0.0,0.0,0.0,0.0,0.0,0.0,2.0,0.0,1.0,0.0,1.0,UTILITY GAS CUSTOMER HEATING WEIGHTED,30,,,,,,,,,,,,,,,,,,,,,False
2018-08-03,20180803,20180803,0.0,0.0,0.0,0.0,0.0,0.0,1.0,0.0,0.5,0.0,0.5,UTILITY GAS CUSTOMER HEATING WEIGHTED,31,,,,,,,,,,,,,,,,,,,,,False
2018-08-10,20180810,20180810,0.0,0.0,0.0,0.0,0.0,0.0,0.0,0.0,0.0,0.0,-1.5,UTILITY GAS CUSTOMER HEATING WEIGHTED,32,,,,,,,,,,,,,,,,,,,,,False
2018-08-17,20180817,20180817,0.0,0.0,0.0,0.0,0.0,0.0,0.0,0.0,0.0,0.0,-2.0,UTILITY GAS CUSTOMER HEATING WEIGHTED,33,,,,,,,,,,,,,,,,,,,,,False
2018-08-24,20180824,20180824,0.0,0.0,-1.0,0.0,0.0,1.0,1.0,0.0,1.0,-4.0,-2.0,UTILITY GAS CUSTOMER HEATING WEIGHTED,34,,,,,,,,,,,,,,,,,,,,,False
2018-08-31,20180831,20180831,0.0,-4.0,-6.0,0.0,0.0,1.0,6.0,0.0,3.5,-5.0,-1.0,UTILITY GAS CUSTOMER HEATING WEIGHTED,35,,,,,,,,,,,,,,,,,,,,,False
2018-09-07,20180907,20180907,1.0,-6.0,-13.0,0.0,0.0,1.0,5.0,0.0,3.0,-11.5,-5.5,UTILITY GAS CUSTOMER HEATING WEIGHTED,36,,,,,,,,,,,,,,,,,,,,,False
2018-09-14,20180914,20180914,9.0,-1.0,-5.0,16.0,18.0,11.0,5.0,17.0,8.0,3.0,-8.0,UTILITY GAS CUSTOMER HEATING WEIGHTED,37,,,,,,,,,,,,,,,,,,,,,False
2018-09-21,20180921,20180921,7.0,-13.0,-1.0,5.0,1.0,1.0,14.0,3.0,7.5,-26.5,-22.5,UTILITY GAS CUSTOMER HEATING WEIGHTED,38,,,,,,,,,,,,,,,,,,,,,False
2018-09-28,20180928,20180928,24.0,-7.0,11.0,39.0,25.0,38.0,55.0,32.0,46.5,-6.5,-2.0,UTILITY GAS CUSTOMER HEATING WEIGHTED,39,,,,,,,,,,,,,,,,,,,,,False
2018-10-05,20181005,20181005,29.0,-12.0,-3.0,41.0,24.0,41.0,77.0,32.5,59.0,-27.0,-2.0,UTILITY GAS CUSTOMER HEATING WEIGHTED,40,,,,,,,,,,,,,,,,,,,,,False
2018-10-12,20181012,20181012,39.0,-18.0,12.0,25.0,13.0,45.0,110.0,19.0,77.5,-59.0,-3.0,UTILITY GAS CUSTOMER HEATING WEIGHTED,41,,,,,,,,,,,,,,,,,,,,,False
2018-10-19,20181019,20181019,93.0,26.0,48.0,127.0,117.0,144.0,141.0,122.0,142.5,30.0,48.0,UTILITY GAS CUSTOMER HEATING WEIGHTED,42,,,,,,,,,,,,,,,,,,,,,False
2018-10-26,20181026,20181026,99.0,17.0,46.0,153.0,143.0,151.0,132.0,148.0,141.5,38.0,27.0,UTILITY GAS CUSTOMER HEATING WEIGHTED,43,,,,,,,,,,,,,,,,,,,,,False
2018-11-02,20181102,20181102,84.0,-8.0,-24.0,123.0,111.0,126.0,119.0,117.0,122.5,-3.0,0.0,UTILITY GAS CUSTOMER HEATING WEIGHTED,44,,,,,,,,,,,,,,,,,,,,,False
2018-11-09,20181109,20181109,112.0,-3.0,4.0,123.0,123.0,162.0,197.0,123.0,179.5,-13.5,21.0,UTILITY GAS CUSTOMER HEATING WEIGHTED,45,,,,,,,,,,,,,,,,,,,,,False
2018-11-16,20181116,20181116,184.0,53.0,37.0,202.0,203.0,253.0,266.0,202.5,259.5,47.0,83.5,UTILITY GAS CUSTOMER HEATING WEIGHTED,46,,,,,,,,,,,,,,,,,,,,,False
2018-11-23,20181123,20181123,173.0,28.0,34.0,233.0,226.0,224.0,235.0,229.5,229.5,57.0,39.5,UTILITY GAS CUSTOMER HEATING WEIGHTED,47,,,,,,,,,,,,,,,,,,,,,False
2018-11-30,20181130,20181130,170.0,11.0,48.0,198.0,197.0,227.0,250.0,197.5,238.5,18.5,25.0,UTILITY GAS CUSTOMER HEATING WEIGHTED,48,,,,,,,,,,,,,,,,,,,,,False
2018-12-07,20181207,20181207,183.0,1.0,33.0,210.0,204.0,224.0,259.0,207.0,241.5,2.5,-1.5,UTILITY GAS CUSTOMER HEATING WEIGHTED,49,,,,,,,,,,,,,,,,,,,,,False
2018-12-14,20181214,20181214,199.0,2.0,-1.0,269.0,245.0,250.0,259.0,257.0,254.5,26.5,-4.0,UTILITY GAS CUSTOMER HEATING WEIGHTED,50,,,,,,,,,,,,,,,,,,,,,False
2018-12-21,20181221,20181221,158.0,-51.0,-21.0,199.0,188.0,199.0,207.0,193.5,203.0,-45.5,-77.0,UTILITY GAS CUSTOMER HEATING WEIGHTED,51,,,,,,,,,,,,,,,,,,,,,False
2018-12-28,20181228,20181228,174.0,-45.0,-63.0,207.0,198.0,208.0,238.0,202.5,223.0,-42.5,-65.0,UTILITY GAS CUSTOMER HEATING WEIGHTED,52,,,,,,,,,,,,,,,,,,,,,False
2019-01-04,20190104,20190104,189.0,-20.0,-103.0,200.0,187.0,226.0,290.0,193.5,258.0,-52.5,-21.5,UTILITY GAS CUSTOMER HEATING WEIGHTED,1,,,,,,,,,,,,,,,,,,,,,False
2019-01-11,20190111,20190111,176.0,-44.0,-44.0,230.0,218.0,220.0,227.0,224.0,223.5,-36.5,-70.5,UTILITY GAS CUSTOMER HEATING WEIGHTED,2,,,,,,,,,,,,,,,,,,,,,False
2019-01-18,20190118,20190118,211.0,-11.0,-31.0,290.0,281.0,265.0,274.0,285.5,269.5,13.5,-27.5,UTILITY GAS CUSTOMER HEATING WEIGHTED,3,,,,,,,,,,,,,,,,,,,,,False
2019-01-25,20190125,20190125,233.0,9.0,57.0,278.0,268.0,331.0,354.0,273.0,342.5,-2.5,45.0,UTILITY GAS CUSTOMER HEATING WEIGHTED,4,,,,,,,,,,,,,,,,,,,,,False
2019-02-01,20190201,20190201,260.0,42.0,82.0,304.0,319.0,404.0,386.0,311.5,395.0,43.0,103.5,UTILITY GAS CUSTOMER HEATING WEIGHTED,5,,,,,,,,,,,,,,,,,,,,,False
2019-02-08,20190208,20190208,177.0,-40.0,-41.0,211.0,200.0,219.0,297.0,205.5,258.0,-56.0,-34.0,UTILITY GAS CUSTOMER HEATING WEIGHTED,6,,,,,,,,,,,,,,,,,,,,,False
2019-02-15,20190215,20190215,209.0,1.0,24.0,247.0,240.0,273.0,315.0,243.5,294.0,-19.5,14.5,UTILITY GAS CUSTOMER HEATING WEIGHTED,7,,,,,,,,,,,,,,,,,,,,,False
2019-02-22,20190222,20190222,219.0,37.0,67.0,253.0,240.0,273.0,330.0,246.5,301.5,13.5,56.5,UTILITY GAS CUSTOMER HEATING WEIGHTED,8,,,,,,,,,,,,,,,,,,,,,False
2019-03-01,20190301,20190301,201.0,19.0,53.0,263.0,243.0,265.0,329.0,253.0,297.0,17.0,55.5,UTILITY GAS CUSTOMER HEATING WEIGHTED,9,,,,,,,,,,,,,,,,,,,,,False
2019-03-08,20190308,20190308,232.0,63.0,72.0,282.0,278.0,320.0,361.0,280.0,340.5,58.0,113.5,UTILITY GAS CUSTOMER HEATING WEIGHTED,10,,,,,,,,,,,,,,,,,,,,,False
2019-03-15,20190315,20190315,145.0,-9.0,-13.0,201.0,177.0,176.0,203.0,189.0,189.5,-18.5,-17.5,UTILITY GAS CUSTOMER HEATING WEIGHTED,11,,,,,,,,,,,,,,,,,,,,,False
2019-03-22,20190322,20190322,149.0,6.0,-7.0,201.0,192.0,198.0,186.0,196.5,192.0,1.0,1.0,UTILITY GAS CUSTOMER HEATING WEIGHTED,12,,,,,,,,,,,,,,,,,,,,,False
2019-03-29,20190329,20190329,123.0,-1.0,-17.0,185.0,177.0,166.0,145.0,181.0,155.5,13.5,-3.0,UTILITY GAS CUSTOMER HEATING WEIGHTED,13,,,,,,,,,,,,,,,,,,,,,False
2019-04-05,20190405,20190405,122.0,14.0,-15.0,150.0,150.0,170.0,167.0,150.0,168.5,6.5,26.5,UTILITY GAS CUSTOMER HEATING WEIGHTED,14,,,,,,,,,,,,,,,,,,,,,False
2019-04-12,20190412,20190412,72.0,-32.0,-65.0,149.0,99.0,89.0,104.0,124.0,96.5,-17.0,-40.0,UTILITY GAS CUSTOMER HEATING WEIGHTED,15,,,,,,,,,,,,,,,,,,,,,False
2019-04-19,20190419,20190419,72.0,-11.0,-49.0,81.0,64.0,111.0,115.0,72.5,113.0,-48.0,10.0,UTILITY GAS CUSTOMER HEATING WEIGHTED,16,,,,,,,,,,,,,,,,,,,,,False
2019-04-26,20190426,20190426,48.0,-22.0,-32.0,68.0,54.0,76.0,59.0,61.0,67.5,-37.0,-20.5,UTILITY GAS CUSTOMER HEATING WEIGHTED,17,,,,,,,,,,,,,,,,,,,,,False
2019-05-03,20190503,20190503,71.0,12.0,10.0,123.0,92.0,108.0,110.0,107.5,109.0,25.5,30.5,UTILITY GAS CUSTOMER HEATING WEIGHTED,18,,,,,,,,,,,,,,,,,,,,,False
2019-05-10,20190510,20190510,45.0,-1.0,19.0,77.0,43.0,67.0,84.0,60.0,75.5,-9.5,20.5,UTILITY GAS CUSTOMER HEATING WEIGHTED,19,,,,,,,,,,,,,,,,,,,,,False
2019-05-17,20190517,20190517,50.0,11.0,13.0,94.0,81.0,73.0,51.0,87.5,62.0,29.0,14.5,UTILITY GAS CUSTOMER HEATING WEIGHTED,20,,,,,,,,,,,,,,,,,,,,,False
2019-05-24,20190524,20190524,39.0,8.0,16.0,29.0,18.0,37.0,62.0,23.5,49.5,-24.5,13.5,UTILITY GAS CUSTOMER HEATING WEIGHTED,21,,,,,,,,,,,,,,,,,,,,,False
2019-05-31,20190531,20190531,20.0,-4.0,13.0,37.0,13.0,7.0,19.0,25.0,13.0,-6.0,-14.5,UTILITY GAS CUSTOMER HEATING WEIGHTED,22,,,,,,,,,,,,,,,,,,,,,False
2019-06-07,20190607,20190607,11.0,-5.0,0.0,19.0,17.0,13.0,6.0,18.0,9.5,-4.5,-9.5,UTILITY GAS CUSTOMER HEATING WEIGHTED,23,,,,,,,,,,,,,,,,,,,,,False
2019-06-14,20190614,20190614,10.0,1.0,6.0,22.0,14.0,12.0,13.0,18.0,12.5,5.0,3.5,UTILITY GAS CUSTOMER HEATING WEIGHTED,24,,,,,,,,,,,,,,,,,,,,,False
2019-06-21,20190621,20190621,5.0,-2.0,2.0,4.0,5.0,7.0,7.0,4.5,7.0,-3.5,0.5,UTILITY GAS CUSTOMER HEATING WEIGHTED,25,,,,,,,,,,,,,,,,,,,,,False
2019-06-28,20190628,20190628,2.0,1.0,1.0,1.0,1.0,1.0,2.0,1.0,1.5,-3.5,-1.0,UTILITY GAS CUSTOMER HEATING WEIGHTED,26,,,,,,,,,,,,,,,,,,,,,False
2019-07-05,20190705,20190705,0.0,0.0,0.0,0.0,0.0,0.0,0.0,0.0,0.0,-3.0,-2.5,UTILITY GAS CUSTOMER HEATING WEIGHTED,27,,,,,,,,,,,,,,,,,,,,,False
2019-07-12,20190712,20190712,0.0,0.0,0.0,0.0,0.0,0.0,0.0,0.0,0.0,0.0,0.0,UTILITY GAS CUSTOMER HEATING WEIGHTED,28,,,,,,,,,,,,,,,,,,,,,False
2019-07-19,20190719,20190719,0.0,0.0,0.0,0.0,0.0,0.0,0.0,0.0,0.0,0.0,0.0,UTILITY GAS CUSTOMER HEATING WEIGHTED,29,,,,,,,,,,,,,,,,,,,,,False
2019-07-26,20190726,20190726,0.0,0.0,0.0,0.0,0.0,0.0,0.0,0.0,0.0,0.0,0.0,UTILITY GAS CUSTOMER HEATING WEIGHTED,30,,,,,,,,,,,,,,,,,,,,,False
2019-08-02,20190802,20190802,0.0,0.0,0.0,0.0,0.0,0.0,1.0,0.0,0.5,0.0,0.5,UTILITY GAS CUSTOMER HEATING WEIGHTED,31,,,,,,,,,,,,,,,,,,,,,False
2019-08-09,20190809,20190809,0.0,0.0,0.0,0.0,0.0,0.0,1.0,0.0,0.5,0.0,-0.5,UTILITY GAS CUSTOMER HEATING WEIGHTED,32,,,,,,,,,,,,,,,,,,,,,False
2019-08-16,20190816,20190816,0.0,0.0,0.0,0.0,0.0,0.0,0.0,0.0,0.0,0.0,-2.5,UTILITY GAS CUSTOMER HEATING WEIGHTED,33,,,,,,,,,,,,,,,,,,,,,False
2019-08-23,20190823,20190823,0.0,0.0,0.0,0.0,0.0,1.0,3.0,0.0,2.0,-3.5,-0.5,UTILITY GAS CUSTOMER HEATING WEIGHTED,34,,,,,,,,,,,,,,,,,,,,,False
2019-08-30,20190830,20190830,2.0,-1.0,2.0,10.0,5.0,3.0,8.0,7.5,5.5,3.0,1.5,UTILITY GAS CUSTOMER HEATING WEIGHTED,35,,,,,,,,,,,,,,,,,,,,,False
2019-09-06,20190906,20190906,4.0,-3.0,4.0,11.0,6.0,9.0,9.0,8.5,9.0,-2.5,0.5,UTILITY GAS CUSTOMER HEATING WEIGHTED,36,,,,,,,,,,,,,,,,,,,,,False
2019-09-13,20190913,20190913,8.0,-1.0,-2.0,19.0,9.0,5.0,17.0,14.0,11.0,0.5,-2.5,UTILITY GAS CUSTOMER HEATING WEIGHTED,37,,,,,,,,,,,,,,,,,,,,,False
2019-09-20,20190920,20190920,9.0,-10.0,3.0,41.0,20.0,0.0,2.0,30.5,1.0,3.5,-27.0,UTILITY GAS CUSTOMER HEATING WEIGHTED,38,,,,,,,,,,,,,,,,,,,,,False
2019-09-27,20190927,20190927,9.0,-20.0,-11.0,10.0,9.0,6.0,15.0,9.5,10.5,-28.0,-36.5,UTILITY GAS CUSTOMER HEATING WEIGHTED,39,,,,,,,,,,,,,,,,,,,,,False
2019-10-04,20191004,20191004,29.0,-10.0,1.0,40.0,19.0,21.0,55.0,29.5,38.0,-26.0,-20.0,UTILITY GAS CUSTOMER HEATING WEIGHTED,40,,,,,,,,,,,,,,,,,,,,,False
2019-10-11,20191011,20191011,45.0,-10.0,12.0,78.0,61.0,49.0,75.0,69.5,62.0,-5.0,-16.5,UTILITY GAS CUSTOMER HEATING WEIGHTED,41,,,,,,,,,,,,,,,,,,,,,False
2019-10-18,20191018,20191018,78.0,13.0,-14.0,89.0,83.0,123.0,126.0,86.0,124.5,-4.5,33.5,UTILITY GAS CUSTOMER HEATING WEIGHTED,42,,,,,,,,,,,,,,,,,,,,,False
2019-10-25,20191025,20191025,75.0,-6.0,-22.0,98.0,93.0,96.0,123.0,95.5,109.5,-13.0,-4.0,UTILITY GAS CUSTOMER HEATING WEIGHTED,43,,,,,,,,,,,,,,,,,,,,,False
2019-11-01,20191101,20191101,107.0,17.0,19.0,76.0,66.0,147.0,204.0,71.0,175.5,-48.0,56.0,UTILITY GAS CUSTOMER HEATING WEIGHTED,44,,,,,,,,,,,,,,,,,,,,,False
2019-11-08,20191108,20191108,134.0,22.0,33.0,166.0,163.0,197.0,214.0,164.5,205.5,31.5,50.5,UTILITY GAS CUSTOMER HEATING WEIGHTED,45,,,,,,,,,,,,,,,,,,,,,False
2019-11-15,20191115,20191115,175.0,46.0,-7.0,216.0,212.0,257.0,256.0,214.0,256.5,59.5,83.5,UTILITY GAS CUSTOMER HEATING WEIGHTED,46,,,,,,,,,,,,,,,,,,,,,False
2019-11-22,20191122,20191122,143.0,1.0,-29.0,197.0,189.0,196.0,180.0,193.0,188.0,24.5,0.5,UTILITY GAS CUSTOMER HEATING WEIGHTED,47,,,,,,,,,,,,,,,,,,,,,False
2019-11-29,20191129,20191129,155.0,-2.0,-17.0,174.0,172.0,184.0,205.0,173.0,194.5,-5.5,-16.0,UTILITY GAS CUSTOMER HEATING WEIGHTED,48,,,,,,,,,,,,,,,,,,,,,False
2019-12-06,20191206,20191206,172.0,-6.0,-3.0,242.0,221.0,203.0,217.0,231.5,210.0,31.5,-27.5,UTILITY GAS CUSTOMER HEATING WEIGHTED,49,,,,,,,,,,,,,,,,,,,,,False
2019-12-13,20191213,20191213,179.0,-18.0,-28.0,227.0,215.0,237.0,267.0,221.0,252.0,-7.0,-6.5,UTILITY GAS CUSTOMER HEATING WEIGHTED,50,,,,,,,,,,,,,,,,,,,,,False
2019-12-20,20191220,20191220,210.0,4.0,50.0,240.0,237.0,272.0,302.0,238.5,287.0,2.5,11.5,UTILITY GAS CUSTOMER HEATING WEIGHTED,51,,,,,,,,,,,,,,,,,,,,,False
2019-12-27,20191227,20191227,147.0,-54.0,-10.0,232.0,213.0,168.0,195.0,222.5,181.5,-26.0,-108.0,"POPULATION-WEIGHTED STATE,REGIONAL,AND NATIONAL AVERAGES",52,,,,,,,,,,,,,,,,,,,,,False
2020-01-03,20200103,20200103,161.0,-48.0,-27.0,199.0,188.0,186.0,223.0,193.5,204.5,-53.5,-72.5,UTILITY GAS CUSTOMER HEATING WEIGHTED,1,,,,,,,,,,,,,,,,,,,,,False
2020-01-10,20200110,20200110,175.0,-43.0,6.0,224.0,212.0,216.0,241.0,218.0,228.5,-38.0,-64.0,UTILITY GAS CUSTOMER HEATING WEIGHTED,2,,,,,,,,,,,,,,,,,,,,,False
2020-01-17,20200117,20200117,173.0,-49.0,-42.0,181.0,168.0,227.0,312.0,174.5,269.5,-98.0,-26.0,UTILITY GAS CUSTOMER HEATING WEIGHTED,3,,,,,,,,,,,,,,,,,,,,,False
2020-01-24,20200124,20200124,218.0,-7.0,-7.0,284.0,267.0,280.0,309.0,275.5,294.5,-2.0,-3.5,UTILITY GAS CUSTOMER HEATING WEIGHTED,4,,,,,,,,,,,,,,,,,,,,,False
2020-01-31,20200131,20200131,182.0,-37.0,-75.0,215.0,216.0,233.0,258.0,215.5,245.5,-54.0,-49.0,UTILITY GAS CUSTOMER HEATING WEIGHTED,5,,,,,,,,,,,,,,,,,,,,,False
2020-02-07,20200207,20200207,172.0,-44.0,-10.0,205.0,185.0,219.0,247.0,195.0,233.0,-63.5,-57.5,UTILITY GAS CUSTOMER HEATING WEIGHTED,6,,,,,,,,,,,,,,,,,,,,,False
2020-02-14,20200214,20200214,199.0,-12.0,-17.0,228.0,216.0,274.0,311.0,222.0,292.5,-43.5,9.5,UTILITY GAS CUSTOMER HEATING WEIGHTED,7,,,,,,,,,,,,,,,,,,,,,False
2020-02-21,20200221,20200221,199.0,13.0,-18.0,259.0,243.0,274.0,287.0,251.0,280.5,12.5,30.5,UTILITY GAS CUSTOMER HEATING WEIGHTED,8,,,,,,,,,,,,,,,,,,,,,False
2020-02-28,20200228,20200228,172.0,-9.0,-28.0,185.0,191.0,232.0,236.0,188.0,234.0,-45.0,-7.5,UTILITY GAS CUSTOMER HEATING WEIGHTED,9,,,,,,,,,,,,,,,,,,,,,False
2020-03-06,20200306,20200306,148.0,-25.0,-84.0,194.0,187.0,196.0,185.0,190.5,190.5,-36.0,-40.0,UTILITY GAS CUSTOMER HEATING WEIGHTED,10,,,,,,,,,,,,,,,,,,,,,False
2020-03-13,20200313,20200313,117.0,-42.0,-40.0,148.0,136.0,150.0,159.0,142.0,154.5,-73.5,-61.0,UTILITY GAS CUSTOMER HEATING WEIGHTED,11,,,,,,,,,,,,,,,,,,,,,False
2020-03-20,20200320,20200320,134.0,-11.0,-13.0,169.0,148.0,173.0,194.0,158.5,183.5,-34.5,-9.0,UTILITY GAS CUSTOMER HEATING WEIGHTED,12,,,,,,,,,,,,,,,,,,,,,False
2020-03-27,20200327,20200327,133.0,1.0,6.0,176.0,163.0,180.0,165.0,169.5,172.5,-13.5,2.5,UTILITY GAS CUSTOMER HEATING WEIGHTED,13,,,,,,,,,,,,,,,,,,,,,False
2020-04-03,20200403,20200403,106.0,-3.0,-16.0,168.0,136.0,123.0,124.0,152.0,123.5,8.0,-19.0,UTILITY GAS CUSTOMER HEATING WEIGHTED,14,,,,,,,,,,,,,,,,,,,,,False
2020-04-10,20200410,20200410,95.0,-12.0,21.0,131.0,104.0,116.0,130.0,117.5,123.0,-24.5,-19.0,UTILITY GAS CUSTOMER HEATING WEIGHTED,15,,,,,,,,,,,,,,,,,,,,,False
2020-04-17,20200417,20200417,127.0,38.0,50.0,144.0,144.0,174.0,191.0,144.0,182.5,15.0,70.0,UTILITY GAS CUSTOMER HEATING WEIGHTED,16,,,,,,,,,,,,,,,,,,,,,False
2020-04-24,20200424,20200424,97.0,24.0,48.0,166.0,150.0,137.0,101.0,158.0,119.0,56.0,27.0,UTILITY GAS CUSTOMER HEATING WEIGHTED,17,,,,,,,,,,,,,,,,,,,,,False
2020-05-01,20200501,20200501,59.0,-3.0,-11.0,127.0,104.0,90.0,59.0,115.5,74.5,28.0,-5.0,UTILITY GAS CUSTOMER HEATING WEIGHTED,18,,,,,,,,,,,,,,,,,,,,,False
2020-05-08,20200508,20200508,61.0,11.0,15.0,82.0,84.0,95.0,81.0,83.0,88.0,10.0,25.5,UTILITY GAS CUSTOMER HEATING WEIGHTED,19,,,,,,,,,,,,,,,,,,,,,False
2020-05-15,20200515,20200515,76.0,35.0,21.0,115.0,111.0,110.0,102.0,113.0,106.0,52.0,56.5,UTILITY GAS CUSTOMER HEATING WEIGHTED,20,,,,,,,,,,,,,,,,,,,,,False
2020-05-22,20200522,20200522,33.0,0.0,-8.0,52.0,43.0,36.0,34.0,47.5,35.0,-6.0,-4.0,UTILITY GAS CUSTOMER HEATING WEIGHTED,21,,,,,,,,,,,,,,,,,,,,,False
2020-05-29,20200529,20200529,8.0,-18.0,-16.0,19.0,6.0,1.0,8.0,12.5,4.5,-22.0,-26.0,UTILITY GAS CUSTOMER HEATING WEIGHTED,22,,,,,,,,,,,,,,,,,,,,,False
2020-06-05,20200605,20200605,11.0,-7.0,-1.0,29.0,22.0,16.0,7.0,25.5,11.5,2.0,-9.5,UTILITY GAS CUSTOMER HEATING WEIGHTED,23,,,,,,,,,,,,,,,,,,,,,False
2020-06-12,20200612,20200612,8.0,-3.0,1.0,6.0,3.0,2.0,4.0,4.5,3.0,-11.0,-8.0,UTILITY GAS CUSTOMER HEATING WEIGHTED,24,,,,,,,,,,,,,,,,,,,,,False
2020-06-19,20200619,20200619,11.0,4.0,3.0,17.0,16.0,13.0,3.0,16.5,8.0,7.0,1.0,UTILITY GAS CUSTOMER HEATING WEIGHTED,25,,,,,,,,,,,,,,,,,,,,,False
2020-06-26,20200626,20200626,0.0,-3.0,-4.0,0.0,0.0,0.0,2.0,0.0,1.0,-5.5,-3.0,UTILITY GAS CUSTOMER HEATING WEIGHTED,26,,,,,,,,,,,,,,,,,,,,,False
2020-07-03,20200703,20200703,2.0,2.0,2.0,0.0,0.0,0.0,0.0,0.0,0.0,-3.5,-2.5,UTILITY GAS CUSTOMER HEATING WEIGHTED,27,,,,,,,,,,,,,,,,,,,,,False
2020-07-10,20200710,20200710,0.0,0.0,0.0,0.0,0.0,0.0,0.0,0.0,0.0,-0.5,0.0,UTILITY GAS CUSTOMER HEATING WEIGHTED,28,,,,,,,,,,,,,,,,,,,,,False
2020-07-17,20200717,20200717,0.0,0.0,0.0,0.0,0.0,0.0,0.0,0.0,0.0,0.0,0.0,UTILITY GAS CUSTOMER HEATING WEIGHTED,29,,,,,,,,,,,,,,,,,,,,,False
2020-07-24,20200724,20200724,0.0,0.0,0.0,0.0,0.0,0.0,1.0,0.0,0.5,0.0,0.5,UTILITY GAS CUSTOMER HEATING WEIGHTED,30,,,,,,,,,,,,,,,,,,,,,False
2020-07-31,20200731,20200731,0.0,0.0,0.0,0.0,0.0,0.0,0.0,0.0,0.0,0.0,0.0,UTILITY GAS CUSTOMER HEATING WEIGHTED,31,,,,,,,,,,,,,,,,,,,,,False
2020-08-07,20200807,20200807,0.0,0.0,0.0,0.0,0.0,3.0,4.0,0.0,3.5,0.0,2.5,UTILITY GAS CUSTOMER HEATING WEIGHTED,32,,,,,,,,,,,,,,,,,,,,,False
2020-08-14,20200814,20200814,0.0,0.0,0.0,0.0,0.0,0.0,0.0,0.0,0.0,0.0,-2.5,UTILITY GAS CUSTOMER HEATING WEIGHTED,33,,,,,,,,,,,,,,,,,,,,,False
2020-08-21,20200821,20200821,0.0,0.0,0.0,0.0,1.0,0.0,0.0,0.5,0.0,-1.5,-2.0,UTILITY GAS CUSTOMER HEATING WEIGHTED,34,,,,,,,,,,,,,,,,,,,,,False
2020-08-28,20200828,20200828,0.0,-1.0,-2.0,2.0,1.0,0.0,0.0,1.5,0.0,-2.5,-2.5,UTILITY GAS CUSTOMER HEATING WEIGHTED,35,,,,,,,,,,,,,,,,,,,,,False
2020-09-04,20200904,20200904,2.0,-5.0,0.0,5.0,1.0,3.0,7.0,3.0,5.0,-5.5,-2.5,UTILITY GAS CUSTOMER HEATING WEIGHTED,36,,,,,,,,,,,,,,,,,,,,,False
2020-09-11,20200911,20200911,15.0,8.0,7.0,1.0,2.0,17.0,55.0,1.5,36.0,-11.5,24.0,UTILITY GAS CUSTOMER HEATING WEIGHTED,37,,,,,,,,,,,,,,,,,,,,,False
2020-09-18,20200918,20200918,15.0,-2.0,8.0,33.0,30.0,22.0,26.0,31.5,24.0,8.5,0.0,UTILITY GAS CUSTOMER HEATING WEIGHTED,38,,,,,,,,,,,,,,,,,,,,,False
2020-09-25,20200925,20200925,27.0,0.0,18.0,64.0,60.0,38.0,16.0,62.0,27.0,27.0,-14.5,UTILITY GAS CUSTOMER HEATING WEIGHTED,39,,,,,,,,,,,,,,,,,,,,,False
2020-10-02,20201002,20201002,29.0,-6.0,8.0,10.0,18.0,57.0,65.0,14.0,61.0,-36.0,8.5,UTILITY GAS CUSTOMER HEATING WEIGHTED,40,,,,,,,,,,,,,,,,,,,,,False
2020-10-09,20201009,20201009,43.0,-7.0,1.0,71.0,70.0,74.0,62.0,70.5,68.0,1.0,-5.5,UTILITY GAS CUSTOMER HEATING WEIGHTED,41,,,,,,,,,,,,,,,,,,,,,False
2020-10-16,20201016,20201016,42.0,-20.0,-27.0,59.0,57.0,61.0,69.0,58.0,65.0,-26.5,-22.0,UTILITY GAS CUSTOMER HEATING WEIGHTED,42,,,,,,,,,,,,,,,,,,,,,False
2020-10-23,20201023,20201023,64.0,-13.0,-9.0,68.0,58.0,100.0,162.0,63.0,131.0,-42.0,22.5,UTILITY GAS CUSTOMER HEATING WEIGHTED,43,,,,,,,,,,,,,,,,,,,,,False
2020-10-30,20201030,20201030,114.0,26.0,18.0,121.0,104.0,166.0,221.0,112.5,193.5,-4.0,76.0,UTILITY GAS CUSTOMER HEATING WEIGHTED,44,,,,,,,,,,,,,,,,,,,,,False
2020-11-06,20201106,20201106,90.0,-14.0,-36.0,150.0,137.0,115.0,102.0,143.5,108.5,18.5,-36.5,UTILITY GAS CUSTOMER HEATING WEIGHTED,45,,,,,,,,,,,,,,,,,,,,,False
2020-11-13,20201113,20201113,86.0,-39.0,-82.0,64.0,66.0,86.0,133.0,65.0,109.5,-87.5,-59.5,UTILITY GAS CUSTOMER HEATING WEIGHTED,46,,,,,,,,,,,,,,,,,,,,,False
2020-11-20,20201120,20201120,124.0,-13.0,-31.0,180.0,170.0,158.0,160.0,175.0,159.0,11.5,-22.0,UTILITY GAS CUSTOMER HEATING WEIGHTED,47,,,,,,,,,,,,,,,,,,,,,False
2020-11-27,20201127,20201127,130.0,-24.0,-14.0,148.0,133.0,170.0,196.0,140.5,183.0,-38.0,-22.0,UTILITY GAS CUSTOMER HEATING WEIGHTED,48,,,,,,,,,,,,,,,,,,,,,False
2020-12-04,20201204,20201204,164.0,-6.0,-13.0,145.0,160.0,210.0,223.0,152.5,216.5,-35.0,-10.5,UTILITY GAS CUSTOMER HEATING WEIGHTED,49,,,,,,,,,,,,,,,,,,,,,False
2020-12-11,20201211,20201211,166.0,-28.0,-5.0,219.0,206.0,205.0,192.0,212.5,198.5,-11.5,-56.5,UTILITY GAS CUSTOMER HEATING WEIGHTED,50,,,,,,,,,,,,,,,,,,,,,False
2020-12-18,20201218,20201218,200.0,-1.0,2.0,233.0,219.0,240.0,277.0,226.0,258.5,-4.0,-9.5,UTILITY GAS CUSTOMER HEATING WEIGHTED,51,,,,,,,,,,,,,,,,,,,,,False
2020-12-25,20201225,20201225,182.0,-36.0,-3.0,216.0,209.0,226.0,249.0,212.5,237.5,-30.0,-54.5,UTILITY GAS CUSTOMER HEATING WEIGHTED,52,,,,,,,,,,,,,,,,,,,,,False
2021-01-01,20210101,20210101,202.0,-11.0,42.0,226.0,232.0,255.0,287.0,229.0,271.0,-21.0,-8.0,UTILITY GAS CUSTOMER HEATING WEIGHTED,53,,,,,,,,,,,,,,,,,,,,,False
2021-01-08,20210108,20210108,190.0,-25.0,20.0,221.0,216.0,236.0,258.0,218.5,247.0,-31.5,-41.0,UTILITY GAS CUSTOMER HEATING WEIGHTED,1,,,,,,,,,,,,,,,,,,,,,False
2021-01-15,20210115,20210115,196.0,-23.0,33.0,235.0,232.0,239.0,236.0,233.5,237.5,-35.5,-56.5,UTILITY GAS CUSTOMER HEATING WEIGHTED,2,,,,,,,,,,,,,,,,,,,,,False
2021-01-22,20210122,20210122,187.0,-42.0,-37.0,216.0,217.0,254.0,263.0,216.5,258.5,-66.5,-44.5,UTILITY GAS CUSTOMER HEATING WEIGHTED,3,,,,,,,,,,,,,,,,,,,,,False
2021-01-29,20210129,20210129,226.0,7.0,46.0,271.0,267.0,295.0,317.0,269.0,306.0,-0.5,13.5,UTILITY GAS CUSTOMER HEATING WEIGHTED,4,,,,,,,,,,,,,,,,,,,,,False
2021-02-05,20210205,20210205,208.0,-7.0,36.0,278.0,264.0,277.0,258.0,271.0,267.5,15.5,-23.5,UTILITY GAS CUSTOMER HEATING WEIGHTED,5,,,,,,,,,,,,,,,,,,,,,False
2021-02-12,20210212,20210212,252.0,38.0,63.0,290.0,284.0,375.0,440.0,287.0,407.5,21.0,120.0,UTILITY GAS CUSTOMER HEATING WEIGHTED,6,,,,,,,,,,,,,,,,,,,,,False
2021-02-19,20210219,20210219,277.0,80.0,77.0,259.0,267.0,372.0,451.0,263.0,411.5,9.5,149.0,UTILITY GAS CUSTOMER HEATING WEIGHTED,7,,,,,,,,,,,,,,,,,,,,,False
2021-02-26,20210226,20210226,183.0,5.0,1.0,229.0,227.0,244.0,234.0,228.0,239.0,0.5,1.5,UTILITY GAS CUSTOMER HEATING WEIGHTED,8,,,,,,,,,,,,,,,,,,,,,False
2021-03-05,20210305,20210305,162.0,-13.0,1.0,232.0,218.0,204.0,192.0,225.0,198.0,-5.0,-37.0,UTILITY GAS CUSTOMER HEATING WEIGHTED,9,,,,,,,,,,,,,,,,,,,,,False
2021-03-12,20210312,20210312,132.0,-30.0,9.0,195.0,179.0,143.0,129.0,187.0,136.0,-30.5,-83.0,UTILITY GAS CUSTOMER HEATING WEIGHTED,10,,,,,,,,,,,,,,,,,,,,,False
2021-03-19,20210319,20210319,148.0,2.0,12.0,226.0,204.0,183.0,171.0,215.0,177.0,20.5,-16.0,UTILITY GAS CUSTOMER HEATING WEIGHTED,11,,,,,,,,,,,,,,,,,,,,,False
2021-03-26,20210326,20210326,107.0,-28.0,-25.0,121.0,112.0,113.0,135.0,116.5,124.0,-72.0,-51.5,UTILITY GAS CUSTOMER HEATING WEIGHTED,12,,,,,,,,,,,,,,,,,,,,,False
2021-04-02,20210402,20210402,111.0,0.0,6.0,142.0,135.0,157.0,154.0,138.5,155.5,-7.5,10.5,UTILITY GAS CUSTOMER HEATING WEIGHTED,13,,,,,,,,,,,,,,,,,,,,,False
2021-04-09,20210409,20210409,63.0,-44.0,-29.0,124.0,104.0,51.0,61.0,114.0,56.0,-28.5,-85.5,UTILITY GAS CUSTOMER HEATING WEIGHTED,14,,,,,,,,,,,,,,,,,,,,,False
2021-04-16,20210416,20210416,85.0,-7.0,-41.0,112.0,91.0,109.0,138.0,101.5,123.5,-31.0,6.0,UTILITY GAS CUSTOMER HEATING WEIGHTED,15,,,,,,,,,,,,,,,,,,,,,False
2021-04-23,20210423,20210423,106.0,31.0,0.0,124.0,118.0,147.0,157.0,121.0,152.0,16.5,57.0,UTILITY GAS CUSTOMER HEATING WEIGHTED,16,,,,,,,,,,,,,,,,,,,,,False
2021-04-30,20210430,20210430,57.0,-7.0,-6.0,89.0,67.0,75.0,72.0,78.0,73.5,-13.5,-7.5,UTILITY GAS CUSTOMER HEATING WEIGHTED,17,,,,,,,,,,,,,,,,,,,,,False
2021-05-07,20210507,20210507,45.0,-7.0,-10.0,80.0,62.0,68.0,63.0,71.0,65.5,-2.5,0.0,UTILITY GAS CUSTOMER HEATING WEIGHTED,18,,,,,,,,,,,,,,,,,,,,,False
2021-05-14,20210514,20210514,70.0,28.0,-17.0,83.0,94.0,116.0,95.0,88.5,105.5,25.5,55.0,UTILITY GAS CUSTOMER HEATING WEIGHTED,19,,,,,,,,,,,,,,,,,,,,,False
2021-05-21,20210521,20210521,25.0,-9.0,-7.0,19.0,23.0,21.0,15.0,21.0,18.0,-33.5,-23.0,UTILITY GAS CUSTOMER HEATING WEIGHTED,20,,,,,,,,,,,,,,,,,,,,,False
2021-05-28,20210528,20210528,18.0,-9.0,8.0,20.0,12.0,20.0,27.0,16.0,23.5,-20.5,-8.0,UTILITY GAS CUSTOMER HEATING WEIGHTED,21,,,,,,,,,,,,,,,,,,,,,False
2021-06-04,20210604,20210604,24.0,5.0,12.0,55.0,48.0,36.0,30.0,51.5,33.0,27.0,11.5,UTILITY GAS CUSTOMER HEATING WEIGHTED,22,,,,,,,,,,,,,,,,,,,,,False
2021-06-11,20210611,20210611,6.0,-6.0,-1.0,5.0,1.0,0.0,0.0,3.0,0.0,-14.5,-13.0,UTILITY GAS CUSTOMER HEATING WEIGHTED,23,,,,,,,,,,,,,,,,,,,,,False
2021-06-18,20210618,20210618,2.0,-5.0,-10.0,10.0,5.0,2.0,0.0,7.5,1.0,-2.5,-6.0,UTILITY GAS CUSTOMER HEATING WEIGHTED,24,,,,,,,,,,,,,,,,,,,,,False
2021-06-25,20210625,20210625,4.0,0.0,4.0,7.0,7.0,7.0,6.0,7.0,6.5,1.0,2.0,UTILITY GAS CUSTOMER HEATING WEIGHTED,25,,,,,,,,,,,,,,,,,,,,,False
2021-07-02,20210702,20210702,0.0,0.0,-2.0,0.0,0.0,0.0,0.0,0.0,0.0,-3.5,-3.0,UTILITY GAS CUSTOMER HEATING WEIGHTED,26,,,,,,,,,,,,,,,,,,,,,False
2021-07-09,20210709,20210709,0.0,0.0,0.0,9.0,1.0,1.0,2.0,5.0,1.5,4.0,1.5,UTILITY GAS CUSTOMER HEATING WEIGHTED,27,,,,,,,,,,,,,,,,,,,,,False
2021-07-16,20210716,20210716,0.0,0.0,0.0,0.0,0.0,0.0,0.0,0.0,0.0,0.0,0.0,UTILITY GAS CUSTOMER HEATING WEIGHTED,28,,,,,,,,,,,,,,,,,,,,,False
2021-07-23,20210723,20210723,0.0,0.0,0.0,0.0,0.0,0.0,0.0,0.0,0.0,0.0,0.0,UTILITY GAS CUSTOMER HEATING WEIGHTED,29,,,,,,,,,,,,,,,,,,,,,False
2021-07-30,20210730,20210730,0.0,0.0,0.0,0.0,0.0,0.0,0.0,0.0,0.0,0.0,0.0,UTILITY GAS CUSTOMER HEATING WEIGHTED,30,,,,,,,,,,,,,,,,,,,,,False
2021-08-06,20210806,20210806,0.0,0.0,0.0,2.0,4.0,0.0,0.0,3.0,0.0,3.0,-0.5,UTILITY GAS CUSTOMER HEATING WEIGHTED,31,,,,,,,,,,,,,,,,,,,,,False
2021-08-13,20210813,20210813,0.0,0.0,0.0,0.0,0.0,0.0,1.0,0.0,0.5,0.0,-2.0,UTILITY GAS CUSTOMER HEATING WEIGHTED,32,,,,,,,,,,,,,,,,,,,,,False
2021-08-20,20210820,20210820,0.0,0.0,0.0,0.0,0.0,0.0,0.0,0.0,0.0,-1.0,-2.5,UTILITY GAS CUSTOMER HEATING WEIGHTED,33,,,,,,,,,,,,,,,,,,,,,False
2021-08-27,20210827,20210827,0.0,0.0,0.0,0.0,0.0,0.0,3.0,0.0,1.5,-4.5,0.0,UTILITY GAS CUSTOMER HEATING WEIGHTED,34,,,,,,,,,,,,,,,,,,,,,False
2021-09-03,20210903,20210903,2.0,-5.0,0.0,4.0,5.0,2.0,3.0,4.5,2.5,-3.0,-4.5,UTILITY GAS CUSTOMER HEATING WEIGHTED,35,,,,,,,,,,,,,,,,,,,,,False
2021-09-10,20210910,20210910,2.0,-5.0,-10.0,2.0,3.0,2.0,5.0,2.5,3.5,-9.5,-8.0,UTILITY GAS CUSTOMER HEATING WEIGHTED,36,,,,,,,,,,,,,,,,,,,,,False
2021-09-17,20210917,20210917,4.0,-11.0,-10.0,4.0,2.0,0.0,7.0,3.0,3.5,-18.0,-19.5,UTILITY GAS CUSTOMER HEATING WEIGHTED,37,,,,,,,,,,,,,,,,,,,,,False
2021-09-24,20210924,20210924,15.0,-10.0,-15.0,6.0,8.0,20.0,24.0,7.0,22.0,-26.0,-15.5,UTILITY GAS CUSTOMER HEATING WEIGHTED,38,,,,,,,,,,,,,,,,,,,,,False
2021-10-01,20211001,20211001,19.0,-15.0,-2.0,40.0,36.0,18.0,10.0,38.0,14.0,-10.0,-37.0,UTILITY GAS CUSTOMER HEATING WEIGHTED,39,,,,,,,,,,,,,,,,,,,,,False
2021-10-08,20211008,20211008,13.0,-35.0,-35.0,38.0,17.0,3.0,12.0,27.5,7.5,-40.5,-63.0,UTILITY GAS CUSTOMER HEATING WEIGHTED,40,,,,,,,,,,,,,,,,,,,,,False
2021-10-15,20211015,20211015,30.0,-31.0,-5.0,24.0,11.0,10.0,44.0,17.5,27.0,-64.0,-58.0,UTILITY GAS CUSTOMER HEATING WEIGHTED,41,,,,,,,,,,,,,,,,,,,,,False
2021-10-22,20211022,20211022,59.0,-15.0,-9.0,50.0,53.0,75.0,90.0,51.5,82.5,-50.5,-23.5,UTILITY GAS CUSTOMER HEATING WEIGHTED,42,,,,,,,,,,,,,,,,,,,,,False
2021-10-29,20211029,20211029,80.0,-7.0,-24.0,105.0,87.0,115.0,119.0,96.0,117.0,-17.5,0.0,UTILITY GAS CUSTOMER HEATING WEIGHTED,43,,,,,,,,,,,,,,,,,,,,,False
2021-11-05,20211105,20211105,113.0,13.0,13.0,125.0,129.0,155.0,164.0,127.0,159.5,2.0,21.5,UTILITY GAS CUSTOMER HEATING WEIGHTED,44,,,,,,,,,,,,,,,,,,,,,False
2021-11-12,20211112,20211112,98.0,-25.0,25.0,134.0,120.0,121.0,124.0,127.0,122.5,-20.5,-44.5,UTILITY GAS CUSTOMER HEATING WEIGHTED,45,,,,,,,,,,,,,,,,,,,,,False
2021-11-19,20211119,20211119,131.0,-5.0,1.0,151.0,159.0,187.0,187.0,155.0,187.0,-8.5,7.0,UTILITY GAS CUSTOMER HEATING WEIGHTED,46,,,,,,,,,,,,,,,,,,,,,False
2021-11-26,20211126,20211126,156.0,4.0,30.0,185.0,192.0,210.0,206.0,188.5,208.0,11.0,6.0,UTILITY GAS CUSTOMER HEATING WEIGHTED,47,,,,,,,,,,,,,,,,,,,,,False
2021-12-03,20211203,20211203,138.0,-28.0,-21.0,209.0,197.0,193.0,154.0,203.0,173.5,20.0,-48.0,UTILITY GAS CUSTOMER HEATING WEIGHTED,48,,,,,,,,,,,,,,,,,,,,,False
2021-12-10,20211210,20211210,162.0,-30.0,-5.0,206.0,194.0,220.0,231.0,200.0,225.5,-21.5,-27.5,UTILITY GAS CUSTOMER HEATING WEIGHTED,49,,,,,,,,,,,,,,,,,,,,,False
2021-12-17,20211217,20211217,144.0,-55.0,-48.0,150.0,142.0,159.0,195.0,146.0,177.0,-82.0,-87.5,UTILITY GAS CUSTOMER HEATING WEIGHTED,50,,,,,,,,,,,,,,,,,,,,,False
2021-12-24,20211224,20211224,185.0,-31.0,4.0,235.0,222.0,226.0,250.0,228.5,238.0,-13.5,-51.0,UTILITY GAS CUSTOMER HEATING WEIGHTED,51,,,,,,,,,,,,,,,,,,,,,False
2021-12-31,20211231,20211231,158.0,-57.0,-47.0,205.0,176.0,188.0,260.0,190.5,224.0,-58.5,-58.0,UTILITY GAS CUSTOMER HEATING WEIGHTED,52,,,,,,,,,,,,,,,,,,,,,False
2022-01-07,20220107,20220107,214.0,1.0,26.0,216.0,214.0,287.0,374.0,215.0,330.5,-33.5,44.5,UTILITY GAS CUSTOMER HEATING WEIGHTED,1,,,,,,,,,,,,,,,,,,,,,False
2022-01-14,20220114,20220114,211.0,-8.0,9.0,279.0,274.0,281.0,279.0,276.5,280.0,10.0,-12.5,UTILITY GAS CUSTOMER HEATING WEIGHTED,2,,,,,,,,,,,,,,,,,,,,,False
2022-01-21,20220121,20220121,230.0,1.0,48.0,297.0,291.0,303.0,326.0,294.0,314.5,14.0,8.0,UTILITY GAS CUSTOMER HEATING WEIGHTED,3,,,,,,,,,,,,,,,,,,,,,False
2022-01-28,20220128,20220128,251.0,31.0,31.0,308.0,311.0,344.0,338.0,309.5,341.0,36.5,49.0,UTILITY GAS CUSTOMER HEATING WEIGHTED,4,,,,,,,,,,,,,,,,,,,,,False
2022-02-04,20220204,20220204,232.0,18.0,19.0,283.0,281.0,307.0,323.0,282.0,315.0,26.0,26.0,UTILITY GAS CUSTOMER HEATING WEIGHTED,5,,,,,,,,,,,,,,,,,,,,,False
2022-02-11,20220211,20220211,196.0,-20.0,-47.0,246.0,246.0,273.0,256.0,246.0,264.5,-20.5,-24.5,UTILITY GAS CUSTOMER HEATING WEIGHTED,6,,,,,,,,,,,,,,,,,,,,,False
2022-02-18,20220218,20220218,194.0,-7.0,-86.0,227.0,233.0,278.0,302.0,230.0,290.0,-27.5,20.5,UTILITY GAS CUSTOMER HEATING WEIGHTED,7,,,,,,,,,,,,,,,,,,,,,False
2022-02-25,20220225,20220225,200.0,23.0,6.0,225.0,211.0,254.0,320.0,218.0,287.0,-7.5,49.5,UTILITY GAS CUSTOMER HEATING WEIGHTED,8,,,,,,,,,,,,,,,,,,,,,False
2022-03-04,20220304,20220304,169.0,-9.0,7.0,267.0,235.0,224.0,211.0,251.0,217.5,17.0,-21.0,UTILITY GAS CUSTOMER HEATING WEIGHTED,9,,,,,,,,,,,,,,,,,,,,,False
2022-03-11,20220311,20220311,162.0,-2.0,21.0,190.0,170.0,197.0,264.0,180.0,230.5,-39.0,10.0,UTILITY GAS CUSTOMER HEATING WEIGHTED,10,,,,,,,,,,,,,,,,,,,,,False
2022-03-18,20220318,20220318,134.0,-14.0,-9.0,160.0,156.0,169.0,181.0,158.0,175.0,-39.0,-20.0,UTILITY GAS CUSTOMER HEATING WEIGHTED,11,,,,,,,,,,,,,,,,,,,,,False
2022-03-25,20220325,20220325,104.0,-33.0,-12.0,143.0,125.0,133.0,150.0,134.0,141.5,-59.5,-38.5,UTILITY GAS CUSTOMER HEATING WEIGHTED,12,,,,,,,,,,,,,,,,,,,,,False
2022-04-01,20220401,20220401,138.0,24.0,37.0,186.0,189.0,206.0,196.0,187.5,201.0,39.0,52.5,UTILITY GAS CUSTOMER HEATING WEIGHTED,13,,,,,,,,,,,,,,,,,,,,,False
2022-04-08,20220408,20220408,109.0,2.0,32.0,142.0,137.0,160.0,157.0,139.5,158.5,-3.5,18.0,UTILITY GAS CUSTOMER HEATING WEIGHTED,14,,,,,,,,,,,,,,,,,,,,,False
2022-04-15,20220415,20220415,95.0,-1.0,18.0,103.0,89.0,116.0,137.0,96.0,126.5,-40.0,2.5,UTILITY GAS CUSTOMER HEATING WEIGHTED,15,,,,,,,,,,,,,,,,,,,,,False
2022-04-22,20220422,20220422,104.0,28.0,-3.0,125.0,129.0,150.0,149.0,127.0,149.5,21.0,53.5,UTILITY GAS CUSTOMER HEATING WEIGHTED,16,,,,,,,,,,,,,,,,,,,,,False
2022-04-29,20220429,20220429,73.0,7.0,7.0,117.0,97.0,94.0,99.0,107.0,96.5,12.0,13.0,UTILITY GAS CUSTOMER HEATING WEIGHTED,17,,,,,,,,,,,,,,,,,,,,,False
2022-05-06,20220506,20220506,60.0,6.0,19.0,96.0,76.0,83.0,97.0,86.0,90.0,11.0,21.5,UTILITY GAS CUSTOMER HEATING WEIGHTED,18,,,,,,,,,,,,,,,,,,,,,False
2022-05-13,20220513,20220513,41.0,-1.0,-32.0,73.0,56.0,24.0,16.0,64.5,20.0,0.5,-30.5,UTILITY GAS CUSTOMER HEATING WEIGHTED,19,,,,,,,,,,,,,,,,,,,,,False
2022-05-20,20220520,20220520,17.0,-19.0,-12.0,25.0,18.0,16.0,22.0,21.5,19.0,-35.5,-24.0,UTILITY GAS CUSTOMER HEATING WEIGHTED,20,,,,,,,,,,,,,,,,,,,,,False
2022-05-27,20220527,20220527,28.0,0.0,13.0,22.0,17.0,36.0,67.0,19.5,51.5,-19.0,18.0,UTILITY GAS CUSTOMER HEATING WEIGHTED,21,,,,,,,,,,,,,,,,,,,,,False
2022-06-03,20220603,20220603,12.0,-7.0,-18.0,13.0,2.0,5.0,12.0,7.5,8.5,-18.0,-13.0,UTILITY GAS CUSTOMER HEATING WEIGHTED,22,,,,,,,,,,,,,,,,,,,,,False
2022-06-10,20220610,20220610,9.0,-5.0,4.0,8.0,7.0,13.0,11.0,7.5,12.0,-12.0,-3.5,UTILITY GAS CUSTOMER HEATING WEIGHTED,23,,,,,,,,,,,,,,,,,,,,,False
2022-06-17,20220617,20220617,6.0,-1.0,3.0,4.0,2.0,2.0,1.0,3.0,1.5,-7.5,-5.5,UTILITY GAS CUSTOMER HEATING WEIGHTED,24,,,,,,,,,,,,,,,,,,,,,False
2022-06-24,20220624,20220624,7.0,2.0,3.0,21.0,11.0,4.0,0.0,16.0,2.0,9.5,-3.0,UTILITY GAS CUSTOMER HEATING WEIGHTED,25,,,,,,,,,,,,,,,,,,,,,False
2022-07-01,20220701,20220701,0.0,0.0,0.0,0.0,1.0,2.0,1.0,0.5,1.5,-3.0,-1.5,UTILITY GAS CUSTOMER HEATING WEIGHTED,26,,,,,,,,,,,,,,,,,,,,,False
2022-07-08,20220708,20220708,0.0,0.0,0.0,0.0,0.0,0.0,0.0,0.0,0.0,-1.5,-0.5,UTILITY GAS CUSTOMER HEATING WEIGHTED,27,,,,,,,,,,,,,,,,,,,,,False
2022-07-15,20220715,20220715,0.0,0.0,0.0,0.0,0.0,0.0,0.0,0.0,0.0,0.0,0.0,UTILITY GAS CUSTOMER HEATING WEIGHTED,28,,,,,,,,,,,,,,,,,,,,,False
2022-07-22,20220722,20220722,0.0,0.0,0.0,0.0,0.0,0.0,0.0,0.0,0.0,0.0,0.0,UTILITY GAS CUSTOMER HEATING WEIGHTED,29,,,,,,,,,,,,,,,,,,,,,False
2022-07-29,20220729,20220729,0.0,0.0,0.0,0.0,0.0,0.0,2.0,0.0,1.0,0.0,1.0,UTILITY GAS CUSTOMER HEATING WEIGHTED,30,,,,,,,,,,,,,,,,,,,,,False
2022-08-05,20220805,20220805,0.0,0.0,0.0,0.0,0.0,0.0,0.0,0.0,0.0,0.0,0.0,UTILITY GAS CUSTOMER HEATING WEIGHTED,31,,,,,,,,,,,,,,,,,,,,,False
2022-08-12,20220812,20220812,0.0,0.0,0.0,0.0,0.0,1.0,0.0,0.0,0.5,0.0,-2.0,UTILITY GAS CUSTOMER HEATING WEIGHTED,32,,,,,,,,,,,,,,,,,,,,,False
2022-08-19,20220819,20220819,1.0,1.0,1.0,0.0,1.0,3.0,0.0,0.5,1.5,0.5,-0.5,UTILITY GAS CUSTOMER HEATING WEIGHTED,33,,,,,,,,,,,,,,,,,,,,,False
2022-08-26,20220826,20220826,0.0,0.0,0.0,0.0,0.0,0.0,0.0,0.0,0.0,-5.0,-2.0,UTILITY GAS CUSTOMER HEATING WEIGHTED,34,,,,,,,,,,,,,,,,,,,,,False
2022-09-02,20220902,20220902,0.0,-6.0,-1.0,2.0,1.0,0.0,0.0,1.5,0.0,-5.0,-6.5,UTILITY GAS CUSTOMER HEATING WEIGHTED,35,,,,,,,,,,,,,,,,,,,,,False
2022-09-09,20220909,20220909,0.0,-7.0,-2.0,3.0,0.0,0.0,5.0,1.5,2.5,-10.5,-8.0,UTILITY GAS CUSTOMER HEATING WEIGHTED,36,,,,,,,,,,,,,,,,,,,,,False
2022-09-16,20220916,20220916,8.0,-5.0,4.0,10.0,8.0,8.0,13.0,9.0,10.5,-9.0,-10.5,UTILITY GAS CUSTOMER HEATING WEIGHTED,37,,,,,,,,,,,,,,,,,,,,,False
2022-09-23,20220923,20220923,15.0,-8.0,2.0,27.0,14.0,17.0,21.0,20.5,19.0,-11.0,-15.0,UTILITY GAS CUSTOMER HEATING WEIGHTED,38,,,,,,,,,,,,,,,,,,,,,False
2022-09-30,20220930,20220930,40.0,7.0,22.0,56.0,58.0,74.0,53.0,57.0,63.5,12.0,12.5,UTILITY GAS CUSTOMER HEATING WEIGHTED,39,,,,,,,,,,,,,,,,,,,,,False
2022-10-07,20221007,20221007,45.0,-1.0,30.0,70.0,77.0,71.0,44.0,73.5,57.5,7.5,-9.5,UTILITY GAS CUSTOMER HEATING WEIGHTED,40,,,,,,,,,,,,,,,,,,,,,False
2022-10-14,20221014,20221014,58.0,-2.0,31.0,79.0,82.0,95.0,86.0,80.5,90.5,0.5,7.0,UTILITY GAS CUSTOMER HEATING WEIGHTED,41,,,,,,,,,,,,,,,,,,,,,False
2022-10-21,20221021,20221021,91.0,20.0,37.0,99.0,114.0,147.0,150.0,106.5,148.5,8.0,46.5,UTILITY GAS CUSTOMER HEATING WEIGHTED,42,,,,,,,,,,,,,,,,,,,,,False
2022-10-28,20221028,20221028,73.0,-12.0,-6.0,72.0,73.0,73.0,89.0,72.5,81.0,-38.5,-35.0,UTILITY GAS CUSTOMER HEATING WEIGHTED,43,,,,,,,,,,,,,,,,,,,,,False
2022-11-04,20221104,20221104,78.0,-20.0,-27.0,93.0,87.0,81.0,87.0,90.0,84.0,-35.0,-49.0,UTILITY GAS CUSTOMER HEATING WEIGHTED,44,,,,,,,,,,,,,,,,,,,,,False
2022-11-11,20221111,20221111,88.0,-32.0,-14.0,73.0,71.0,90.0,144.0,72.0,117.0,-70.5,-46.5,UTILITY GAS CUSTOMER HEATING WEIGHTED,45,,,,,,,,,,,,,,,,,,,,,False
2022-11-18,20221118,20221118,184.0,49.0,61.0,159.0,169.0,234.0,275.0,164.0,254.5,2.0,73.5,UTILITY GAS CUSTOMER HEATING WEIGHTED,46,,,,,,,,,,,,,,,,,,,,,False
2022-11-25,20221125,20221125,178.0,28.0,24.0,212.0,211.0,223.0,228.0,211.5,225.5,35.0,28.5,UTILITY GAS CUSTOMER HEATING WEIGHTED,47,,,,,,,,,,,,,,,,,,,,,False
2022-12-02,20221202,20221202,162.0,-1.0,16.0,171.0,172.0,198.0,228.0,171.5,213.0,-9.0,-4.5,UTILITY GAS CUSTOMER HEATING WEIGHTED,48,,,,,,,,,,,,,,,,,,,,,False
2022-12-09,20221209,20221209,167.0,-22.0,9.0,170.0,176.0,217.0,265.0,173.0,241.0,-44.0,-9.5,UTILITY GAS CUSTOMER HEATING WEIGHTED,49,,,,,,,,,,,,,,,,,,,,,False
2022-12-16,20221216,20221216,187.0,-11.0,44.0,239.0,234.0,207.0,227.0,236.5,217.0,8.0,-44.5,UTILITY GAS CUSTOMER HEATING WEIGHTED,50,,,,,,,,,,,,,,,,,,,,,False
2022-12-23,20221223,20221223,242.0,28.0,56.0,210.0,224.0,311.0,386.0,217.0,348.5,-25.0,62.0,UTILITY GAS CUSTOMER HEATING WEIGHTED,51,,,,,,,,,,,,,,,,,,,,,False
2022-12-30,20221230,20221230,229.0,13.0,71.0,270.0,276.0,293.0,316.0,273.0,304.5,27.5,20.0,UTILITY GAS CUSTOMER HEATING WEIGHTED,52,,,,,,,,,,,,,,,,,,,,,False
2023-01-06,20230106,20230106,150.0,-62.0,-55.0,170.0,141.0,185.0,238.0,155.5,211.5,-93.0,-71.5,UTILITY GAS CUSTOMER HEATING WEIGHTED,1,,,,,,,,,,,,,,,,,,,,,False
2023-01-13,20230113,20230113,179.0,-40.0,-36.0,216.0,205.0,223.0,266.0,210.5,244.5,-54.0,-48.0,UTILITY GAS CUSTOMER HEATING WEIGHTED,2,,,,,,,,,,,,,,,,,,,,,False
2023-01-20,20230120,20230120,181.0,-46.0,-36.0,213.0,214.0,214.0,230.0,213.5,222.0,-62.5,-83.5,UTILITY GAS CUSTOMER HEATING WEIGHTED,3,,,,,,,,,,,,,,,,,,,,,False
2023-01-27,20230127,20230127,205.0,-17.0,-49.0,216.0,211.0,248.0,287.0,213.5,267.5,-62.5,-26.5,UTILITY GAS CUSTOMER HEATING WEIGHTED,4,,,,,,,,,,,,,,,,,,,,,False
2023-02-03,20230203,20230203,237.0,23.0,3.0,234.0,235.0,320.0,372.0,234.5,346.0,-24.5,58.0,UTILITY GAS CUSTOMER HEATING WEIGHTED,5,,,,,,,,,,,,,,,,,,,,,False
2023-02-10,20230210,20230210,181.0,-36.0,-28.0,246.0,228.0,224.0,240.0,237.0,232.0,-29.5,-58.5,UTILITY GAS CUSTOMER HEATING WEIGHTED,6,,,,,,,,,,,,,,,,,,,,,False
2023-02-17,20230217,20230217,168.0,-36.0,-20.0,165.0,154.0,204.0,243.0,159.5,223.5,-99.0,-51.0,UTILITY GAS CUSTOMER HEATING WEIGHTED,7,,,,,,,,,,,,,,,,,,,,,False
2023-02-24,20230224,20230224,174.0,-3.0,-20.0,216.0,191.0,212.0,274.0,203.5,243.0,-22.5,5.0,UTILITY GAS CUSTOMER HEATING WEIGHTED,8,,,,,,,,,,,,,,,,,,,,,False
2023-03-03,20230303,20230303,169.0,-11.0,-9.0,253.0,218.0,190.0,232.0,235.5,211.0,0.0,-29.5,UTILITY GAS CUSTOMER HEATING WEIGHTED,9,,,,,,,,,,,,,,,,,,,,,False
2023-03-10,20230310,20230310,157.0,-9.0,-2.0,198.0,194.0,188.0,206.0,196.0,197.0,-25.0,-26.5,UTILITY GAS CUSTOMER HEATING WEIGHTED,10,,,,,,,,,,,,,,,,,,,,,False
2023-03-17,20230317,20230317,171.0,21.0,23.0,195.0,200.0,225.0,241.0,197.5,233.0,-2.5,35.0,UTILITY GAS CUSTOMER HEATING WEIGHTED,11,,,,,,,,,,,,,,,,,,,,,False
2023-03-24,20230324,20230324,160.0,20.0,58.0,170.0,168.0,207.0,227.0,169.0,217.0,-27.0,32.5,UTILITY GAS CUSTOMER HEATING WEIGHTED,12,,,,,,,,,,,,,,,,,,,,,False
2023-03-31,20230331,20230331,143.0,26.0,8.0,180.0,162.0,175.0,202.0,171.0,188.5,17.5,37.0,UTILITY GAS CUSTOMER HEATING WEIGHTED,13,,,,,,,,,,,,,,,,,,,,,False
2023-04-07,20230407,20230407,108.0,1.0,-3.0,137.0,105.0,127.0,157.0,121.0,142.0,-22.5,1.5,UTILITY GAS CUSTOMER HEATING WEIGHTED,14,,,,,,,,,,,,,,,,,,,,,False
2023-04-14,20230414,20230414,65.0,-34.0,-32.0,86.0,79.0,58.0,56.0,82.5,57.0,-56.0,-72.5,UTILITY GAS CUSTOMER HEATING WEIGHTED,15,,,,,,,,,,,,,,,,,,,,,False
2023-04-21,20230421,20230421,75.0,-2.0,-33.0,91.0,64.0,92.0,121.0,77.5,106.5,-31.5,10.0,UTILITY GAS CUSTOMER HEATING WEIGHTED,16,,,,,,,,,,,,,,,,,,,,,False
2023-04-28,20230428,20230428,93.0,25.0,21.0,113.0,104.0,147.0,139.0,108.5,143.0,12.5,57.0,UTILITY GAS CUSTOMER HEATING WEIGHTED,17,,,,,,,,,,,,,,,,,,,,,False
2023-05-05,20230505,20230505,82.0,26.0,18.0,106.0,108.0,114.0,89.0,107.0,101.5,28.0,29.5,UTILITY GAS CUSTOMER HEATING WEIGHTED,18,,,,,,,,,,,,,,,,,,,,,False
2023-05-12,20230512,20230512,35.0,-8.0,-11.0,47.0,42.0,24.0,16.0,44.5,20.0,-20.0,-31.0,UTILITY GAS CUSTOMER HEATING WEIGHTED,19,,,,,,,,,,,,,,,,,,,,,False
2023-05-19,20230519,20230519,26.0,-11.0,11.0,65.0,55.0,41.0,27.0,60.0,34.0,1.5,-11.0,UTILITY GAS CUSTOMER HEATING WEIGHTED,20,,,,,,,,,,,,,,,,,,,,,False
2023-05-26,20230526,20230526,26.0,-3.0,-4.0,56.0,42.0,35.0,18.0,49.0,26.5,8.0,-8.0,UTILITY GAS CUSTOMER HEATING WEIGHTED,21,,,,,,,,,,,,,,,,,,,,,False
2023-06-02,20230602,20230602,15.0,-5.0,2.0,21.0,14.0,7.0,1.0,17.5,4.0,-9.5,-19.0,UTILITY GAS CUSTOMER HEATING WEIGHTED,22,,,,,,,,,,,,,,,,,,,,,False
2023-06-09,20230609,20230609,16.0,0.0,7.0,65.0,36.0,11.0,0.0,50.5,5.5,29.0,-11.5,UTILITY GAS CUSTOMER HEATING WEIGHTED,23,,,,,,,,,,,,,,,,,,,,,False
2023-06-16,20230616,20230616,14.0,7.0,8.0,7.0,10.0,24.0,10.0,8.5,17.0,-2.5,9.5,UTILITY GAS CUSTOMER HEATING WEIGHTED,24,,,,,,,,,,,,,,,,,,,,,False
2023-06-23,20230623,20230623,7.0,1.0,-1.0,13.0,4.0,1.0,0.0,8.5,0.5,1.5,-5.5,UTILITY GAS CUSTOMER HEATING WEIGHTED,25,,,,,,,,,,,,,,,,,,,,,False
2023-06-30,20230630,20230630,2.0,2.0,2.0,0.0,0.0,0.0,0.0,0.0,0.0,-3.5,-2.0,UTILITY GAS CUSTOMER HEATING WEIGHTED,26,,,,,,,,,,,,,,,,,,,,,False
2023-07-07,20230707,20230707,0.0,0.0,0.0,0.0,0.0,0.0,5.0,0.0,2.5,-2.0,1.0,UTILITY GAS CUSTOMER HEATING WEIGHTED,27,,,,,,,,,,,,,,,,,,,,,False
2023-07-14,20230714,20230714,0.0,0.0,0.0,0.0,0.0,0.0,4.0,0.0,2.0,0.0,2.0,UTILITY GAS CUSTOMER HEATING WEIGHTED,28,,,,,,,,,,,,,,,,,,,,,False
2023-07-21,20230721,20230721,0.0,0.0,0.0,0.0,0.0,0.0,2.0,0.0,1.0,0.0,1.0,UTILITY GAS CUSTOMER HEATING WEIGHTED,29,,,,,,,,,,,,,,,,,,,,,False
2023-07-28,20230728,20230728,0.0,0.0,0.0,0.0,0.0,0.0,0.0,0.0,0.0,0.0,0.0,UTILITY GAS CUSTOMER HEATING WEIGHTED,30,,,,,,,,,,,,,,,,,,,,,False
2023-08-04,20230804,20230804,0.0,0.0,0.0,1.0,2.0,0.0,0.0,1.5,0.0,1.5,0.0,UTILITY GAS CUSTOMER HEATING WEIGHTED,31,,,,,,,,,,,,,,,,,,,,,False
2023-08-11,20230811,20230811,0.0,0.0,0.0,0.0,0.0,0.0,1.0,0.0,0.5,0.0,-1.5,UTILITY GAS CUSTOMER HEATING WEIGHTED,32,,,,,,,,,,,,,,,,,,,,,False
2023-08-18,20230818,20230818,0.0,0.0,-1.0,0.0,0.0,1.0,1.0,0.0,1.0,0.0,-1.0,UTILITY GAS CUSTOMER HEATING WEIGHTED,33,,,,,,,,,,,,,,,,,,,,,False
2023-08-25,20230825,20230825,0.0,0.0,0.0,3.0,2.0,1.0,0.0,2.5,0.5,-2.0,-2.0,UTILITY GAS CUSTOMER HEATING WEIGHTED,34,,,,,,,,,,,,,,,,,,,,,False
2023-09-01,20230901,20230901,3.0,-2.0,3.0,3.0,3.0,9.0,2.0,3.0,5.5,-2.5,0.0,UTILITY GAS CUSTOMER HEATING WEIGHTED,35,,,,,,,,,,,,,,,,,,,,,False
2023-09-08,20230908,20230908,2.0,-5.0,2.0,1.0,0.0,3.0,5.0,0.5,4.0,-11.5,-5.5,UTILITY GAS CUSTOMER HEATING WEIGHTED,36,,,,,,,,,,,,,,,,,,,,,False
2023-09-15,20230915,20230915,11.0,0.0,5.0,5.0,6.0,22.0,19.0,5.5,20.5,-9.5,2.0,UTILITY GAS CUSTOMER HEATING WEIGHTED,37,,,,,,,,,,,,,,,,,,,,,False
2023-09-22,20230922,20230922,14.0,-8.0,4.0,23.0,28.0,20.0,10.0,25.5,15.0,-6.0,-16.5,UTILITY GAS CUSTOMER HEATING WEIGHTED,38,,,,,,,,,,,,,,,,,,,,,False
2023-09-29,20230929,20230927,18.0,-11.0,-12.0,52.0,44.0,7.0,7.0,48.0,7.0,10.5,-40.0,UTILITY GAS CUSTOMER HEATING WEIGHTED,39,,,,,,,,,,,,,,,,,,,,,False
2023-10-06,20231006,20231006,16.0,-27.0,-29.0,16.0,5.0,8.0,21.0,10.5,14.5,-53.0,-49.0,UTILITY GAS CUSTOMER HEATING WEIGHTED,40,,,,,,,,,,,,,,,,,,,,,False
2023-10-13,20231013,20231013,62.0,3.0,6.0,68.0,76.0,103.0,91.0,72.0,97.0,-7.0,15.0,UTILITY GAS CUSTOMER HEATING WEIGHTED,41,,,,,,,,,,,,,,,,,,,,,False
2023-10-20,20231020,20231020,66.0,-3.0,-24.0,87.0,93.0,99.0,88.0,90.0,93.5,-5.0,-5.0,UTILITY GAS CUSTOMER HEATING WEIGHTED,42,,,,,,,,,,,,,,,,,,,,,False
2023-10-27,20231027,20231027,54.0,-29.0,-14.0,64.0,66.0,64.0,69.0,65.0,66.5,-46.0,-48.5,UTILITY GAS CUSTOMER HEATING WEIGHTED,43,,,,,,,,,,,,,,,,,,,,,False
2023-11-03,20231103,20231103,125.0,30.0,43.0,128.0,120.0,170.0,215.0,124.0,192.5,2.0,64.5,UTILITY GAS CUSTOMER HEATING WEIGHTED,44,,,,,,,,,,,,,,,,,,,,,False
2023-11-10,20231110,20231110,91.0,-26.0,9.0,143.0,126.0,119.0,129.0,134.5,124.0,-5.0,-36.0,UTILITY GAS CUSTOMER HEATING WEIGHTED,45,,,,,,,,,,,,,,,,,,,,,False
2023-11-17,20231117,20231117,115.0,-19.0,-56.0,179.0,163.0,142.0,130.0,171.0,136.0,13.0,-44.0,UTILITY GAS CUSTOMER HEATING WEIGHTED,46,,,,,,,,,,,,,,,,,,,,,False
2023-11-24,20231124,20231124,143.0,-4.0,-45.0,180.0,169.0,187.0,196.0,174.5,191.5,-0.5,-1.5,UTILITY GAS CUSTOMER HEATING WEIGHTED,47,,,,,,,,,,,,,,,,,,,,,False
2023-12-01,20231201,20231201,192.0,31.0,35.0,211.0,217.0,244.0,255.0,214.0,249.5,34.5,34.0,UTILITY GAS CUSTOMER HEATING WEIGHTED,48,,,,,,,,,,,,,,,,,,,,,False
2023-12-08,20231208,20231207,154.0,-28.0,-22.0,193.0,185.0,193.0,212.0,189.0,202.5,-15.5,-40.5,UTILITY GAS CUSTOMER HEATING WEIGHTED,49,,,,,,,,,,,,,,,,,,,,,False
2023-12-15,20231215,20231215,166.0,-31.0,-16.0,187.0,188.0,201.0,217.0,187.5,209.0,-43.0,-51.0,UTILITY GAS CUSTOMER HEATING WEIGHTED,50,,,,,,,,,,,,,,,,,,,,,False
2023-12-22,20231222,20231222,163.0,-49.0,-66.0,187.0,193.0,211.0,208.0,190.0,209.5,-51.0,-74.0,UTILITY GAS CUSTOMER HEATING WEIGHTED,51,,,,,,,,,,,,,,,,,,,,,False
2023-12-29,20231229,20231229,149.0,-68.0,-102.0,182.0,164.0,160.0,193.0,173.0,176.5,-70.5,-109.5,UTILITY GAS CUSTOMER HEATING WEIGHTED,52,,,,,,,,,,,,,,,,,,,,,False
2024-01-05,20240105,20240105,199.0,-12.0,55.0,223.0,215.0,236.0,256.0,219.0,246.0,-28.5,-35.5,UTILITY GAS CUSTOMER HEATING WEIGHTED,1,,,,,,,,,,,,,,,,,,,,,False
2024-01-12,20240112,20240112,202.0,-18.0,23.0,220.0,205.0,227.0,288.0,212.5,257.5,-51.5,-35.5,UTILITY GAS CUSTOMER HEATING WEIGHTED,2,,,,,,,,,,,,,,,,,,,,,False
2024-01-19,20240119,20240119,280.0,56.0,100.0,264.0,279.0,382.0,438.0,271.5,410.0,-1.5,108.5,UTILITY GAS CUSTOMER HEATING WEIGHTED,3,,,,,,,,,,,,,,,,,,,,,False
2024-01-26,20240126,20240125,225.0,1.0,28.0,272.0,265.0,293.0,322.0,268.5,307.5,-7.0,10.0,UTILITY GAS CUSTOMER HEATING WEIGHTED,4,,,,,,,,,,,,,,,,,,,,,False
2024-02-02,20240202,20240202,155.0,-61.0,-75.0,219.0,200.0,202.0,189.0,209.5,195.5,-54.5,-93.0,UTILITY GAS CUSTOMER HEATING WEIGHTED,5,,,,,,,,,,,,,,,,,,,,,False
2024-02-09,20240209,20240208,168.0,-49.0,-40.0,224.0,209.0,196.0,172.0,216.5,184.0,-45.0,-108.0,UTILITY GAS CUSTOMER HEATING WEIGHTED,6,,,,,,,,,,,,,,,,,,,,,False
2024-02-16,20240216,20240216,173.0,-33.0,9.0,218.0,208.0,215.0,226.0,213.0,220.5,-47.5,-56.5,UTILITY GAS CUSTOMER HEATING WEIGHTED,7,,,,,,,,,,,,,,,,,,,,,False
2024-02-23,20240223,20240223,175.0,-4.0,4.0,254.0,239.0,213.0,202.0,246.5,207.5,18.0,-33.0,UTILITY GAS CUSTOMER HEATING WEIGHTED,8,,,,,,,,,,,,,,,,,,,,,False
2024-03-01,20240301,20240301,154.0,-29.0,-22.0,213.0,197.0,193.0,194.0,205.0,193.5,-33.0,-48.5,UTILITY GAS CUSTOMER HEATING WEIGHTED,9,,,,,,,,,,,,,,,,,,,,,False
2024-03-08,20240308,20240308,117.0,-52.0,-39.0,154.0,135.0,126.0,155.0,144.5,140.5,-77.5,-86.5,UTILITY GAS CUSTOMER HEATING WEIGHTED,10,,,,,,,,,,,,,,,,,,,,,False
2024-03-15,20240315,20240315,116.0,-38.0,-56.0,161.0,128.0,133.0,137.0,144.5,135.0,-63.0,-72.0,UTILITY GAS CUSTOMER HEATING WEIGHTED,11,,,,,,,,,,,,,,,,,,,,,False
2024-03-22,20240322,20240322,141.0,-2.0,-30.0,181.0,178.0,202.0,199.0,179.5,200.5,-16.0,9.5,UTILITY GAS CUSTOMER HEATING WEIGHTED,12,,,,,,,,,,,,,,,,,,,,,False
2024-03-29,20240329,20240329,144.0,20.0,7.0,186.0,173.0,174.0,206.0,179.5,190.0,12.0,31.5,UTILITY GAS CUSTOMER HEATING WEIGHTED,13,,,,,,,,,,,,,,,,,,,,,False
2024-04-05,20240405,20240405,115.0,7.0,-2.0,163.0,150.0,149.0,139.0,156.5,144.0,13.0,2.0,UTILITY GAS CUSTOMER HEATING WEIGHTED,14,,,,,,,,,,,,,,,,,,,,,False
2024-04-12,20240412,20240412,86.0,-18.0,-1.0,123.0,93.0,99.0,103.0,108.0,101.0,-33.0,-35.5,UTILITY GAS CUSTOMER HEATING WEIGHTED,15,,,,,,,,,,,,,,,,,,,,,False
2024-04-19,20240419,20240419,59.0,-24.0,-7.0,109.0,87.0,55.0,68.0,98.0,61.5,-22.5,-41.5,UTILITY GAS CUSTOMER HEATING WEIGHTED,16,,,,,,,,,,,,,,,,,,,,,False
2024-04-26,20240426,20240426,88.0,18.0,-3.0,135.0,117.0,127.0,102.0,126.0,114.5,28.0,26.5,UTILITY GAS CUSTOMER HEATING WEIGHTED,17,,,,,,,,,,,,,,,,,,,,,False
2024-05-03,20240503,20240503,39.0,-20.0,-42.0,79.0,38.0,21.0,57.0,58.5,39.0,-23.5,-39.5,UTILITY GAS CUSTOMER HEATING WEIGHTED,18,,,,,,,,,,,,,,,,,,,,,False
2024-05-10,20240510,20240510,43.0,-3.0,-8.0,71.0,50.0,32.0,46.0,60.5,39.0,-9.0,-16.0,UTILITY GAS CUSTOMER HEATING WEIGHTED,19,,,,,,,,,,,,,,,,,,,,,False
2024-05-17,20240517,20240517,28.0,-11.0,7.0,61.0,52.0,27.0,20.0,56.5,23.5,-2.0,-24.0,UTILITY GAS CUSTOMER HEATING WEIGHTED,20,,,,,,,,,,,,,,,,,,,,,False
2024-05-24,20240524,20240524,16.0,-15.0,-10.0,23.0,5.0,1.0,16.0,14.0,8.5,-34.0,-27.5,UTILITY GAS CUSTOMER HEATING WEIGHTED,21,,,,,,,,,,,,,,,,,,,,,False
2024-05-31,20240531,20240531,18.0,-6.0,-5.0,15.0,12.0,21.0,18.0,13.5,19.5,-17.5,-8.0,UTILITY GAS CUSTOMER HEATING WEIGHTED,22,,,,,,,,,,,,,,,,,,,,,False
2024-06-07,20240607,20240607,5.0,-11.0,-8.0,3.0,3.0,4.0,4.0,3.0,4.0,-19.5,-15.0,UTILITY GAS CUSTOMER HEATING WEIGHTED,23,,,,,,,,,,,,,,,,,,,,,False
2024-06-14,20240614,20240614,7.0,-2.0,-10.0,11.0,10.0,11.0,5.0,10.5,8.0,-2.5,-1.0,UTILITY GAS CUSTOMER HEATING WEIGHTED,24,,,,,,,,,,,,,,,,,,,,,False
2024-06-21,20240621,20240621,5.0,-2.0,-3.0,4.0,1.0,0.0,3.0,2.5,1.5,-5.5,-5.0,UTILITY GAS CUSTOMER HEATING WEIGHTED,25,,,,,,,,,,,,,,,,,,,,,False
2024-06-28,20240628,20240628,0.0,-1.0,-4.0,2.0,1.0,0.0,2.0,1.5,1.0,-3.0,-1.5,UTILITY GAS CUSTOMER HEATING WEIGHTED,26,,,,,,,,,,,,,,,,,,,,,False
2024-07-05,20240705,20240705,1.0,1.0,1.0,0.0,0.0,4.0,4.0,0.0,4.0,-3.0,1.5,UTILITY GAS CUSTOMER HEATING WEIGHTED,27,,,,,,,,,,,,,,,,,,,,,False
2024-07-12,20240712,20240712,0.0,0.0,0.0,0.0,0.0,0.0,0.0,0.0,0.0,0.0,0.0,UTILITY GAS CUSTOMER HEATING WEIGHTED,28,,,,,,,,,,,,,,,,,,,,,False
2024-07-19,20240719,20240719,0.0,0.0,0.0,0.0,0.0,0.0,1.0,0.0,0.5,0.0,0.5,UTILITY GAS CUSTOMER HEATING WEIGHTED,29,,,,,,,,,,,,,,,,,,,,,False
2024-07-26,20240726,20240726,0.0,0.0,0.0,0.0,0.0,0.0,0.0,0.0,0.0,0.0,0.0,UTILITY GAS CUSTOMER HEATING WEIGHTED,30,,,,,,,,,,,,,,,,,,,,,False
2024-08-02,20240802,20240802,0.0,0.0,0.0,0.0,0.0,0.0,0.0,0.0,0.0,0.0,0.0,UTILITY GAS CUSTOMER HEATING WEIGHTED,31,,,,,,,,,,,,,,,,,,,,,False
2024-08-09,20240809,20240809,1.0,1.0,1.0,1.0,0.0,1.0,7.0,0.5,4.0,0.5,3.0,UTILITY GAS CUSTOMER HEATING WEIGHTED,32,,,,,,,,,,,,,,,,,,,,,False
2024-08-16,20240816,20240816,0.0,0.0,0.0,0.0,0.0,1.0,3.0,0.0,2.0,0.0,-0.5,UTILITY GAS CUSTOMER HEATING WEIGHTED,33,,,,,,,,,,,,,,,,,,,,,False
2024-08-23,20240823,20240823,5.0,5.0,5.0,8.0,10.0,8.0,1.0,9.0,4.5,5.5,2.0,UTILITY GAS CUSTOMER HEATING WEIGHTED,34,,,,,,,,,,,,,,,,,,,,,False
2024-08-30,20240830,20240830,1.0,-2.0,0.0,2.0,0.0,0.0,0.0,1.0,0.0,-3.5,-4.0,UTILITY GAS CUSTOMER HEATING WEIGHTED,35,,,,,,,,,,,,,,,,,,,,,False
2024-09-06,20240906,20240906,6.0,-1.0,4.0,10.0,11.0,8.0,7.0,10.5,7.5,-0.5,-1.0,UTILITY GAS CUSTOMER HEATING WEIGHTED,36,,,,,,,,,,,,,,,,,,,,,False
2024-09-13,20240913,20240913,13.0,4.0,5.0,18.0,17.0,19.0,11.0,17.5,15.0,4.0,1.5,UTILITY GAS CUSTOMER HEATING WEIGHTED,37,,,,,,,,,,,,,,,,,,,,,False
2024-09-20,20240920,20240920,6.0,-13.0,-9.0,4.0,1.0,0.0,0.0,2.5,0.0,-24.5,-28.0,UTILITY GAS CUSTOMER HEATING WEIGHTED,38,,,,,,,,,,,,,,,,,,,,,False
2024-09-27,20240927,20240927,11.0,-18.0,-7.0,35.0,14.0,7.0,17.0,24.5,12.0,-13.0,-35.0,UTILITY GAS CUSTOMER HEATING WEIGHTED,39,,,,,,,,,,,,,,,,,,,,,False
2024-10-04,20241004,20241004,14.0,-25.0,-2.0,31.0,14.0,16.0,24.0,22.5,20.0,-33.0,-38.0,UTILITY GAS CUSTOMER HEATING WEIGHTED,40,,,,,,,,,,,,,,,,,,,,,False
2024-10-11,20241011,20241011,34.0,-21.0,-18.0,74.0,62.0,49.0,38.0,68.0,43.5,-6.5,-35.0,UTILITY GAS CUSTOMER HEATING WEIGHTED,41,,,,,,,,,,,,,,,,,,,,,False
2024-10-18,20241018,20241018,73.0,8.0,6.0,120.0,100.0,103.0,99.0,110.0,101.0,19.5,10.0,UTILITY GAS CUSTOMER HEATING WEIGHTED,42,,,,,,,,,,,,,,,,,,,,,False
2024-10-25,20241025,20241025,48.0,-33.0,-10.0,58.0,57.0,67.0,51.0,57.5,59.0,-51.0,-54.5,UTILITY GAS CUSTOMER HEATING WEIGHTED,43,,,,,,,,,,,,,,,,,,,,,False
2024-11-01,20241101,20241101,67.0,-23.0,-32.0,95.0,79.0,77.0,87.0,87.0,82.0,-32.0,-37.5,UTILITY GAS CUSTOMER HEATING WEIGHTED,44,,,,,,,,,,,,,,,,,,,,,False
2024-11-08,20241108,20241108,82.0,-30.0,-15.0,102.0,85.0,86.0,119.0,93.5,102.5,-39.5,-52.5,UTILITY GAS CUSTOMER HEATING WEIGHTED,45,,,,,,,,,,,,,,,,,,,,,False
2024-11-15,20241115,20241115,110.0,-19.0,-8.0,159.0,149.0,130.0,139.0,154.0,134.5,-0.5,-38.5,UTILITY GAS CUSTOMER HEATING WEIGHTED,46,,,,,,,,,,,,,,,,,,,,,False
2024-11-22,20241122,20241122,125.0,-17.0,0.0,137.0,136.0,137.0,159.0,136.5,148.0,-32.0,-39.5,UTILITY GAS CUSTOMER HEATING WEIGHTED,47,,,,,,,,,,,,,,,,,,,,,False
2024-11-29,20241129,20241129,158.0,1.0,-31.0,176.0,168.0,199.0,238.0,172.0,218.5,-6.5,8.0,UTILITY GAS CUSTOMER HEATING WEIGHTED,48,,,,,,,,,,,,,,,,,,,,,False
2024-12-06,20241206,20241206,211.0,33.0,55.0,246.0,252.0,290.0,295.0,249.0,292.5,49.0,55.0,UTILITY GAS CUSTOMER HEATING WEIGHTED,49,,,,,,,,,,,,,,,,,,,,,False
2024-12-13,20241213,20241213,181.0,-16.0,18.0,204.0,197.0,241.0,253.0,200.5,247.0,-27.5,-11.5,UTILITY GAS CUSTOMER HEATING WEIGHTED,50,,,,,,,,,,,,,,,,,,,,,False
2024-12-20,20241220,20241220,169.0,-37.0,6.0,223.0,216.0,222.0,245.0,219.5,233.5,-16.5,-42.0,UTILITY GAS CUSTOMER HEATING WEIGHTED,51,,,,,,,,,,,,,,,,,,,,,False
2024-12-27,20241227,20241227,196.0,-24.0,45.0,300.0,290.0,237.0,235.0,295.0,236.0,50.0,-55.5,UTILITY GAS CUSTOMER HEATING WEIGHTED,52,,,,,,,,,,,,,,,,,,,,,False
2025-01-03,20250103,20250103,162.0,-47.0,-21.0,182.0,179.0,204.0,234.0,180.5,219.0,-66.5,-58.0,UTILITY GAS CUSTOMER HEATING WEIGHTED,1,,,,,,,,,,,,,,,,,,,,,False
2025-01-10,20250110,20250110,248.0,30.0,42.0,287.0,286.0,324.0,352.0,286.5,338.0,30.5,45.5,UTILITY GAS CUSTOMER HEATING WEIGHTED,2,,,,,,,,,,,,,,,,,,,,,False
2025-01-17,20250117,20250117,235.0,13.0,-26.0,275.0,272.0,305.0,307.0,273.5,306.0,1.0,10.5,UTILITY GAS CUSTOMER HEATING WEIGHTED,3,,,,,,,,,,,,,,,,,,,,,False
2025-01-24,20250124,20250124,285.0,60.0,42.0,319.0,327.0,371.0,391.0,323.0,381.0,45.5,83.0,UTILITY GAS CUSTOMER HEATING WEIGHTED,4,,,,,,,,,,,,,,,,,,,,,False
2025-01-31,20250131,20250131,206.0,-13.0,57.0,269.0,255.0,250.0,241.0,262.0,245.5,-7.5,-49.0,UTILITY GAS CUSTOMER HEATING WEIGHTED,5,,,,,,,,,,,,,,,,,,,,,False
2025-02-07,20250207,20250207,179.0,-37.0,11.0,274.0,249.0,247.0,258.0,261.5,252.5,3.0,-38.0,UTILITY GAS CUSTOMER HEATING WEIGHTED,6,,,,,,,,,,,,,,,,,,,,,False
2025-02-14,20250214,20250214,225.0,14.0,64.0,276.0,255.0,297.0,355.0,265.5,326.0,0.0,43.0,UTILITY GAS CUSTOMER HEATING WEIGHTED,7,,,,,,,,,,,,,,,,,,,,,False
2025-02-21,20250221,20250221,254.0,68.0,65.0,292.0,286.0,347.0,409.0,289.0,378.0,50.5,128.0,UTILITY GAS CUSTOMER HEATING WEIGHTED,8,,,,,,,,,,,,,,,,,,,,,False
2025-02-28,20250228,20250228,149.0,-32.0,8.0,206.0,195.0,206.0,183.0,200.5,194.5,-32.5,-47.0,UTILITY GAS CUSTOMER HEATING WEIGHTED,9,,,,,,,,,,,,,,,,,,,,,False
2025-03-07,20250307,20250307,167.0,-4.0,43.0,219.0,201.0,223.0,215.0,210.0,219.0,-15.0,-9.5,UTILITY GAS CUSTOMER HEATING WEIGHTED,10,,,,,,,,,,,,,,,,,,,,,False
2025-03-14,20250314,20250314,124.0,-32.0,4.0,175.0,156.0,139.0,125.0,165.5,132.0,-46.0,-79.0,UTILITY GAS CUSTOMER HEATING WEIGHTED,11,,,,,,,,,,,,,,,,,,,,,False
2025-03-21,20250321,20250321,119.0,-25.0,-14.0,136.0,123.0,140.0,162.0,129.5,151.0,-65.0,-41.0,UTILITY GAS CUSTOMER HEATING WEIGHTED,12,,,,,,,,,,,,,,,,,,,,,False
2025-03-28,20250328,20250328,113.0,-15.0,-35.0,178.0,166.0,169.0,134.0,172.0,151.5,-3.5,-12.5,UTILITY GAS CUSTOMER HEATING WEIGHTED,13,,,,,,,,,,,,,,,,,,,,,False
2025-04-04,20250404,20250404,100.0,-8.0,-13.0,145.0,101.0,121.0,149.0,123.0,135.0,-19.5,-7.0,UTILITY GAS CUSTOMER HEATING WEIGHTED,14,,,,,,,,,,,,,,,,,,,,,False
2025-04-11,20250411,20250411,117.0,11.0,21.0,177.0,165.0,178.0,151.0,171.0,164.5,29.0,25.0,UTILITY GAS CUSTOMER HEATING WEIGHTED,15,,,,,,,,,,,,,,,,,,,,,False
2025-04-18,20250418,20250418,84.0,-2.0,27.0,139.0,123.0,111.0,81.0,131.0,96.0,6.0,-12.5,UTILITY GAS CUSTOMER HEATING WEIGHTED,16,,,,,,,,,,,,,,,,,,,,,False
2025-04-25,20250425,20250425,50.0,-22.0,-38.0,66.0,43.0,56.0,79.0,54.5,67.5,-45.5,-22.0,UTILITY GAS CUSTOMER HEATING WEIGHTED,17,,,,,,,,,,,,,,,,,,,,,False
2025-05-02,20250502,20250502,50.0,-10.0,5.0,58.0,39.0,62.0,67.0,48.5,64.5,-35.0,-14.5,UTILITY GAS CUSTOMER HEATING WEIGHTED,18,,,,,,,,,,,,,,,,,,,,,False
2025-05-09,20250509,20250509,46.0,-2.0,5.0,40.0,34.0,73.0,43.0,37.0,58.0,-36.0,-0.5,UTILITY GAS CUSTOMER HEATING WEIGHTED,19,,,,,,,,,,,,,,,,,,,,,False
2025-05-16,20250516,20250516,22.0,-18.0,-11.0,42.0,25.0,17.0,9.0,33.5,13.0,-25.5,-35.5,UTILITY GAS CUSTOMER HEATING WEIGHTED,20,,,,,,,,,,,,,,,,,,,,,False
2025-05-23,20250523,20250523,47.0,15.0,32.0,76.0,61.0,68.0,65.0,68.5,66.5,17.5,29.0,UTILITY GAS CUSTOMER HEATING WEIGHTED,21,,,,,,,,,,,,,,,,,,,,,False
2025-05-30,20250530,20250530,31.0,6.0,13.0,45.0,48.0,50.0,36.0,46.5,43.0,14.0,13.5,UTILITY GAS CUSTOMER HEATING WEIGHTED,22,,,,,,,,,,,,,,,,,,,,,False
2025-06-06,20250606,20250606,15.0,-2.0,7.0,25.0,25.0,17.0,9.0,25.0,13.0,2.0,-7.0,UTILITY GAS CUSTOMER HEATING WEIGHTED,23,,,,,,,,,,,,,,,,,,,,,False
2025-06-13,20250613,20250613,4.0,-6.0,-3.0,9.0,1.0,4.0,11.0,5.0,7.5,-9.5,-2.0,UTILITY GAS CUSTOMER HEATING WEIGHTED,24,,,,,,,,,,,,,,,,,,,,,False
2025-06-20,20250620,20250620,4.0,-3.0,-1.0,15.0,10.0,1.0,3.0,12.5,2.0,4.0,-5.0,UTILITY GAS CUSTOMER HEATING WEIGHTED,25,,,,,,,,,,,,,,,,,,,,,False
2025-06-27,20250627,20250627,3.0,1.0,3.0,0.0,0.0,0.0,2.0,0.0,1.0,-5.0,-2.0,UTILITY GAS CUSTOMER HEATING WEIGHTED,26,,,,,,,,,,,,,,,,,,,,,False
2025-07-04,20250704,20250704,0.0,0.0,-1.0,1.0,0.0,0.0,0.0,0.5,0.0,-3.0,-2.5,UTILITY GAS CUSTOMER HEATING WEIGHTED,27,,,,,,,,,,,,,,,,,,,,,False
2025-07-11,20250711,20250711,0.0,0.0,0.0,0.0,0.0,0.0,0.0,0.0,0.0,0.0,0.0,UTILITY GAS CUSTOMER HEATING WEIGHTED,28,,,,,,,,,,,,,,,,,,,,,False
2025-07-18,20250718,20250718,0.0,0.0,0.0,0.0,0.0,0.0,4.0,0.0,2.0,0.0,2.0,UTILITY GAS CUSTOMER HEATING WEIGHTED,29,,,,,,,,,,,,,,,,,,,,,False
2025-07-25,20250725,20250725,0.0,0.0,0.0,1.0,0.0,0.0,0.0,0.5,0.0,0.5,0.0,UTILITY GAS CUSTOMER HEATING WEIGHTED,30,,,,,,,,,,,,,,,,,,,,,False
2025-08-01,20250801,20250801,0.0,0.0,0.0,0.0,0.0,0.0,0.0,0.0,0.0,0.0,0.0,UTILITY GAS CUSTOMER HEATING WEIGHTED,31,,,,,,,,,,,,,,,,,,,,,False
2025-08-08,20250808,20250808,0.0,0.0,0.0,0.0,0.0,0.0,0.0,0.0,0.0,0.0,-1.0,UTILITY GAS CUSTOMER HEATING WEIGHTED,32,,,,,,,,,,,,,,,,,,,,,False
2025-08-15,20250815,20250815,0.0,0.0,-1.0,0.0,0.0,0.0,0.0,0.0,0.0,0.0,-2.5,UTILITY GAS CUSTOMER HEATING WEIGHTED,33,,,,,,,,,,,,,,,,,,,,,False
2025-08-22,20250822,20250822,0.0,0.0,-4.0,12.0,2.0,0.0,0.0,7.0,0.0,4.0,-2.0,UTILITY GAS CUSTOMER HEATING WEIGHTED,34,,,,,,,,,,,,,,,,,,,,,False
2025-08-29,20250829,20250829,8.0,6.0,6.0,8.0,9.0,20.0,11.0,8.5,15.5,4.5,12.0,UTILITY GAS CUSTOMER HEATING WEIGHTED,35,,,,,,,,,,,,,,,,,,,,,False
2025-09-05,20250905,20250905,10.0,3.0,5.0,12.0,12.0,23.0,20.0,12.0,21.5,2.5,13.5,UTILITY GAS CUSTOMER HEATING WEIGHTED,36,,,,,,,,,,,,,,,,,,,,,False
2025-09-12,20250912,20250912,16.0,8.0,3.0,26.0,19.0,32.0,23.0,22.5,27.5,9.0,15.0,UTILITY GAS CUSTOMER HEATING WEIGHTED,37,,,,,,,,,,,,,,,,,,,,,False
2025-09-19,20250919,20250919,6.0,-12.0,0.0,9.0,3.0,0.0,1.0,6.0,0.5,-19.0,-25.5,UTILITY GAS CUSTOMER HEATING WEIGHTED,38,,,,,,,,,,,,,,,,,,,,,False
2025-09-26,20250926,20250926,7.0,-21.0,-4.0,27.0,11.0,0.0,2.0,19.0,1.0,-17.5,-43.5,UTILITY GAS CUSTOMER HEATING WEIGHTED,39,,,,,,,,,,,,,,,,,,,,,False
2025-10-03,20251003,20251003,12.0,-25.0,0.0,33.0,25.0,2.0,2.0,29.0,2.0,-23.5,-53.0,UTILITY GAS CUSTOMER HEATING WEIGHTED,40,,,,,,,,,,,,,,,,,,,,,False
2025-10-10,20251010,20251010,30.0,-22.0,-2.0,39.0,35.0,37.0,41.0,37.0,39.0,-34.0,-37.5,UTILITY GAS CUSTOMER HEATING WEIGHTED,41,,,,,,,,,,,,,,,,,,,,,False
2025-10-17,20251017,20251017,52.0,-12.0,-14.0,89.0,78.0,52.0,42.0,83.5,47.0,-5.0,-41.5,UTILITY GAS CUSTOMER HEATING WEIGHTED,42,,,,,,,,,,,,,,,,,,,,,False
2025-10-24,20251024,20251024,69.0,-10.0,19.0,85.0,86.0,98.0,103.0,85.5,100.5,-21.5,-10.5,UTILITY GAS CUSTOMER HEATING WEIGHTED,43,,,,,,,,,,,,,,,,,,,,,False
2025-10-31,20251031,20251031,97.0,8.0,31.0,129.0,127.0,130.0,121.0,128.0,125.5,10.5,7.0,UTILITY GAS CUSTOMER HEATING WEIGHTED,44,,,,,,,,,,,,,,,,,,,,,False
2025-11-07,20251107,20251107,98.0,-10.0,18.0,142.0,125.0,135.0,130.0,133.5,132.5,5.0,-18.0,UTILITY GAS CUSTOMER HEATING WEIGHTED,45,,,,,,,,,,,,,,,,,,,,,False
2025-11-14,20251114,20251114,124.0,-3.0,18.0,159.0,158.0,185.0,170.0,158.5,177.5,3.5,7.0,UTILITY GAS CUSTOMER HEATING WEIGHTED,46,,,,,,,,,,,,,,,,,,,,,False
2025-11-21,20251121,20251121,128.0,-11.0,8.0,194.0,180.0,165.0,144.0,187.0,154.5,22.5,-30.0,UTILITY GAS CUSTOMER HEATING WEIGHTED,47,,,,,,,,,,,,,,,,,,,,,False
2025-11-28,20251128,20251128,142.0,-14.0,-10.0,182.0,168.0,193.0,194.0,175.0,193.5,-4.5,-13.5,UTILITY GAS CUSTOMER HEATING WEIGHTED,48,,,,,,,,,,,,,,,,,,,,,False
2025-12-05,20251205,20251205,217.0,43.0,9.0,237.0,237.0,293.0,313.0,237.0,303.0,43.5,70.5,UTILITY GAS CUSTOMER HEATING WEIGHTED,49,,,,,,,,,,,,,,,,,,,,,False
2025-12-12,20251212,20251212,202.0,7.0,23.0,269.0,270.0,285.0,279.0,269.5,282.0,44.5,24.5,UTILITY GAS CUSTOMER HEATING WEIGHTED,50,,,,,,,,,,,,,,,,,,,,,False
2025-12-19,20251219,20251219,202.0,-2.0,27.0,245.0,251.0,302.0,291.0,248.0,296.5,14.5,25.0,UTILITY GAS CUSTOMER HEATING WEIGHTED,51,,,,,,,,,,,,,,,,,,,,,False
2025-12-26,20251226,20251226,158.0,-62.0,-43.0,244.0,230.0,218.0,208.0,237.0,213.0,-6.5,-80.0,UTILITY GAS CUSTOMER HEATING WEIGHTED,52,,,,,,,,,,,,,,,,,,,,,False
2026-01-02,20260102,20260102,201.0,-9.0,47.0,288.0,269.0,265.0,263.0,278.5,264.0,29.5,-13.0,UTILITY GAS CUSTOMER HEATING WEIGHTED,1,,,,,,,,,,,,,,,,,,,,,False
2026-01-09,20260109,20260109,170.0,-46.0,-72.0,261.0,233.0,212.0,213.0,247.0,212.5,-5.5,-77.0,UTILITY GAS CUSTOMER HEATING WEIGHTED,2,,,,,,,,,,,,,,,,,,,,,False
2026-01-16,20260116,20260116,184.0,-37.0,-58.0,211.0,215.0,246.0,248.0,213.0,247.0,-58.5,-48.5,UTILITY GAS CUSTOMER HEATING WEIGHTED,3,,,,,,,,,,,,,,,,,,,,,False
2026-01-23,20260123,20260123,242.0,15.0,-34.0,276.0,288.0,352.0,367.0,282.0,359.5,0.5,60.0,UTILITY GAS CUSTOMER HEATING WEIGHTED,4,,,,,,,,,,,,,,,,,,,,,False
2026-01-30,20260130,20260130,298.0,79.0,79.0,372.0,371.0,409.0,413.0,371.5,411.0,103.0,116.5,UTILITY GAS CUSTOMER HEATING WEIGHTED,5,,,,,,,,,,,,,,,,,,,,,False
2026-02-06,20260206,20260206,237.0,21.0,59.0,333.0,334.0,337.0,293.0,333.5,315.0,77.0,24.5,UTILITY GAS CUSTOMER HEATING WEIGHTED,6,,,,,,,,,,,,,,,,,,,,,False
2026-02-13,20260213,20260213,197.0,-16.0,-20.0,307.0,315.0,275.0,200.0,311.0,237.5,44.5,-49.0,UTILITY GAS CUSTOMER HEATING WEIGHTED,7,,,,,,,,,,,,,,,,,,,,,False
2026-02-20,20260220,20260220,154.0,-37.0,-97.0,245.0,215.0,170.0,171.0,230.0,170.5,-15.5,-84.5,UTILITY GAS CUSTOMER HEATING WEIGHTED,8,,,,,,,,,,,,,,,,,,,,,False
2026-02-27,20260227,20260227,178.0,-1.0,9.0,255.0,233.0,249.0,258.0,244.0,253.5,14.0,14.0,UTILITY GAS CUSTOMER HEATING WEIGHTED,9,,,,,,,,,,,,,,,,,,,,,False
2026-03-06,20260306,20260306,138.0,-35.0,-22.0,249.0,215.0,192.0,190.0,232.0,191.0,4.5,-40.5,UTILITY GAS CUSTOMER HEATING WEIGHTED,10,,,,,,,,,,,,,,,,,,,,,False
2026-03-13,20260313,20260313,95.0,-64.0,-38.0,148.0,118.0,122.0,152.0,133.0,137.0,-82.5,-78.5,UTILITY GAS CUSTOMER HEATING WEIGHTED,11,,,,,,,,,,,,,,,,,,,,,False
2026-03-20,20260320,20260320,135.0,-10.0,21.0,199.0,191.0,203.0,201.0,195.0,202.0,2.0,9.5,UTILITY GAS CUSTOMER HEATING WEIGHTED,12,,,,,,,,,,,,,,,,,,,,,False
2026-03-27,20260327,20260327,87.0,-45.0,-34.0,170.0,145.0,140.0,113.0,157.5,126.5,-25.5,-43.5,UTILITY GAS CUSTOMER HEATING WEIGHTED,13,,,,,,,,,,,,,,,,,,,,,False
2026-04-03,20260403,20260403,82.0,-27.0,-16.0,148.0,114.0,110.0,117.0,131.0,113.5,-13.0,-29.0,UTILITY GAS CUSTOMER HEATING WEIGHTED,14,,,,,,,,,,,,,,,,,,,,,False
2026-04-10,20260410,20260410,91.0,-16.0,-25.0,153.0,132.0,131.0,139.0,142.5,135.0,0.5,-7.0,UTILITY GAS CUSTOMER HEATING WEIGHTED,15,,,,,,,,,,,,,,,,,,,,,False
2026-04-17,20260417,20260417,43.0,-46.0,-46.0,58.0,41.0,31.0,45.0,49.5,38.0,-79.5,-74.5,UTILITY GAS CUSTOMER HEATING WEIGHTED,16,,,,,,,,,,,,,,,,,,,,,False
